path,bytes,sha256,mime_type,artifact_role,release_status
00_START_HERE/PACKAGE_MANIFEST.json,3366,ee8117ced2ecc5125bebe3b13e1186ca73c27357f0050f36dd7108e070da69dd,application/json,release_control,active
00_START_HERE/PANTA_V20_Package_Manifest.md,6386,501e9d4bc2280b06c47778f5e50261ab84672cf10dcb3efdae60acb514f3f8c7,text/markdown,release_control,active
00_START_HERE/PANTA_V20_Package_Manifest.pdf,44532,c5964967a008dd24858adecb78bfa59497f19a7377748018e0391c0e8bc63b3b,application/pdf,release_control,active
00_START_HERE/PANTA_V20_Release_and_Acceptance_Report.md,3736,56e6453f68494622e93d3c797b73a54d01850f12adfdc3b9a893c23d0002f84c,text/markdown,release_control,active
00_START_HERE/PANTA_V20_Release_and_Acceptance_Report.pdf,34311,d36e2defaa4ed7602223b1afcdff517e00dab2afb5156a06ea5cf56e59150304,application/pdf,release_control,active
00_START_HERE/QUICK_INDEX.md,906,4ea6b3fafb42be945833e1a7f717abedc3b34c9580fdf24bb58fb2e6c3263592,text/markdown,release_control,active
00_START_HERE/README_START_HERE.md,1694,6ea797256dbe92f6e68374ae543c7852deecf833c1459e72cc779ffa3e6f8a20,text/markdown,release_control,active
00_START_HERE/RELEASE_STATUS.md,724,1ab50ac2fd8507bbefad34f9f663b67fc4dd5cd02bad6702d71226705ed454db,text/markdown,release_control,active
00_START_HERE/SUPERSESSION_MAP.md,748,69c4d6245166e79c9ab9392a4c70c7dcc05fe7d4ce40bc75b5be3ce1e042126d,text/markdown,release_control,active
00_START_HERE/V19B_ACCEPTANCE_REPORT.md,2903,9ada08577d3f8d2fc874525fb82d07e3c551944edbbaebad1ca4e04439b8065a,text/markdown,release_control,active
00_START_HERE/V19B_CHANGELOG.json,1723,975f3724697ea0af3cabe41de7a23a62508e8afb769769f81f841d151e977cb8,application/json,release_control,active
00_START_HERE/V19B_RELEASE_NOTES.md,5193,a21dc80e6564d17db14b507f4a06308c97a4a21d440e4644ca04703fb107a109,text/markdown,release_control,active
00_START_HERE/V20_CHANGELOG.json,1269,b11ce44f94953ee5cea606ec8ecbe46910aa0d1f12f5d2085bbb5cd00bba952b,application/json,release_control,active
00_START_HERE/V20_RELEASE_NOTES.md,1587,da7223ac086ce8747cd59a1870251dc6b07ff42f106bfeff7dae591c4bb5eeb1,text/markdown,release_control,active
01_PRODUCT_BUILD/VERSION.json,704,7977e96bec4a76793b5a19ef9786beb4851fd2a7952a34791d861dcbe10c2658,application/json,runnable_product,active
01_PRODUCT_BUILD/app/assets/sources/PROJECT-KEYSTONE/PANTA_Keystone_Canonical_Investment_Case_v1.pdf,524118,e3075f952bdae3263e06e7959e5744d7dfc6a1385751c0045b39efbadc112c85,application/pdf,runnable_product,active
01_PRODUCT_BUILD/app/contracts/agent_mission.schema.json,2389,af3b2e98b8abb0bb5d9fcc73595522514fae8c65defa38a8ede22d994de30d87,application/json,runnable_product,active
01_PRODUCT_BUILD/app/contracts/archetype.schema.json,917,82a4a9eac720dcb029e3e0b2961d7a460d2b02a847abdd929e89db142a56f3ac,application/json,runnable_product,active
01_PRODUCT_BUILD/app/contracts/authority_record.schema.json,6373,7deec60b85b22a9e048ef72ab0d0cacad9d86255ced772a88085c341c6cb21b6,application/json,runnable_product,active
01_PRODUCT_BUILD/app/contracts/claim_review.schema.json,1130,d8dea1e5e58e76fb53ded48d4cca5d75fc902faa0b39029c138e5bf9d09460b5,application/json,runnable_product,active
01_PRODUCT_BUILD/app/contracts/condition_edge.schema.json,1138,5d70f00abca68a89aabaa79158b5e26a93e62e053f6b465b22e131dbde113694,application/json,runnable_product,active
01_PRODUCT_BUILD/app/contracts/derivation.schema.json,2421,ce7505c0ef8f86dd9f0f5510e39fb654a678819b0e3fb2592e5023ebb9e7ca4a,application/json,runnable_product,active
01_PRODUCT_BUILD/app/contracts/derivation_spec.schema.json,1730,f013a59f4b45ee83039c2e2349f526f016b04b98eeb8dea82755de957a8227ef,application/json,runnable_product,active
01_PRODUCT_BUILD/app/contracts/discrepancy_candidate.schema.json,3226,d413fbcbf825ba7953d9d54869692200186c92e01f4726d776dd271fc61b681e,application/json,runnable_product,active
01_PRODUCT_BUILD/app/contracts/discrepancy_rule.schema.json,1964,2d184dda8eb391ef74f1145af09b8bc23e93d68237ad4cee3315e1ea414c1491,application/json,runnable_product,active
01_PRODUCT_BUILD/app/contracts/execution_package.schema.json,3029,7d32ee144dbc9b96e6e1c24e3bbadc29753c616fd7be8dd5bd0eccd30bab0af6,application/json,runnable_product,active
01_PRODUCT_BUILD/app/contracts/experience_context.schema.json,3296,3e5c28727499d8a57f0a20f6802a46290d292eff3f59c335871516b9b84677ae,application/json,runnable_product,active
01_PRODUCT_BUILD/app/contracts/frontend_projection.schema.json,23238,f93ef46281bd64a1a62516a97dfcbcc277aa381107652390b1bf5df1d89ae39b,application/json,runnable_product,active
01_PRODUCT_BUILD/app/contracts/hypothesis.schema.json,1417,dc5187ac177d108957a8b7ab8a0f8e5130dd8f5d9557d12bd291b1ae8f566ebb,application/json,runnable_product,active
01_PRODUCT_BUILD/app/contracts/ingest_job.schema.json,1974,21d7f996091610f0614f0cca6fed5dada3659fb1238723e3656d84924ad572d9,application/json,runnable_product,active
01_PRODUCT_BUILD/app/contracts/interaction.schema.json,2007,d41feab48c67c6c2130a47f6be3f69198531b6859639b832674f5a3b29c2604d,application/json,runnable_product,active
01_PRODUCT_BUILD/app/contracts/lens.schema.json,1333,7f2f1aeeb70af206fa7ef9690a39e38b2b7ce0c43e8920a7d2a6041f6a22a56f,application/json,runnable_product,active
01_PRODUCT_BUILD/app/contracts/participant.schema.json,998,5246037b09815cdcdf95fe964020d05ec615048165a0a9fac5f4c79b8ca04236,application/json,runnable_product,active
01_PRODUCT_BUILD/app/contracts/settlement_result.schema.json,5304,914a107c110e04ebef4110ff3931fe22ece1e6654d8d7cce72f75dfaab7b7ad9,application/json,runnable_product,active
01_PRODUCT_BUILD/app/contracts/spine_change_proposal.schema.json,2281,dc81b95192049ca91f0bbd2fedd0335c0ec6a77e7dd497983d92cda7835ac9fb,application/json,runnable_product,active
01_PRODUCT_BUILD/app/contracts/transition_result.schema.json,14811,82d5d716cfb3af2ce71f8863ad5e82c56877724279dac5736619161c5e7ad843,application/json,runnable_product,active
01_PRODUCT_BUILD/app/contracts/utterance.schema.json,1456,edf2911af6f7ede5d9fb9f1cecb442532b9bc21dd832fb4940ec3b8df89c3a5f,application/json,runnable_product,active
01_PRODUCT_BUILD/app/contracts/validation_envelope.schema.json,2032,cee3e4490de951cdb9a4c6cd3a4531d23c48dd872aa1acc934efaddca2b91798,application/json,runnable_product,active
01_PRODUCT_BUILD/app/contracts/venture_financing.schema.json,3812,8b06756468b3e38965bdeda9b983a26222fa5c6eb417595be6e6751b6ee30f37,application/json,runnable_product,active
01_PRODUCT_BUILD/app/index.html,1460,3d1638bb98964a057ab903bc2a669d12b7e8845760da145b395f9f99dfa92448,text/html,runnable_product,active
01_PRODUCT_BUILD/app/src/api.js,27214,0483d1112dea19af1f07d517e01eda462ed51a12b633e9e724169a92a50b607f,text/javascript,runnable_product,active
01_PRODUCT_BUILD/app/src/boot.js,1363,718dae4a964902df73f2c76e641f1d88ce4428694bb0b577d424635e8df6b469,text/javascript,runnable_product,active
01_PRODUCT_BUILD/app/src/constants.js,2840,eaf36c7202c3c4861f3c41182e9a9ced4d74e0ce1c07e2e24e80690c816f9a6d,text/javascript,runnable_product,active
01_PRODUCT_BUILD/app/src/contracts.js,9472,276582aa69258f423d4e2e84c20b22d5dade1d421f5eb7fc7ab6a65de9e13ec7,text/javascript,runnable_product,active
01_PRODUCT_BUILD/app/src/engine.js,41395,9a12235977ddb97a8b86fae9fd398cae74bd92b4b03c474050a91ae1b23389b9,text/javascript,runnable_product,active
01_PRODUCT_BUILD/app/src/projection_adapter.js,10051,8498ba3f2759ca425df592e1e082d0f8b00ec17f3674aaf8878aeb76e4627d3c,text/javascript,runnable_product,active
01_PRODUCT_BUILD/app/src/render.js,90906,dd67adadaf6e20b8655e8c13a3b5793c40bd733217bb17a1b0d4c344220fffaa,text/javascript,runnable_product,active
01_PRODUCT_BUILD/app/src/selftest.js,6429,ac5e1b4030dc67f3fd92f72d6fb0d709ecd961d1cbfe1a0e8b43ce3231b9929a,text/javascript,runnable_product,active
01_PRODUCT_BUILD/app/src/store.js,2553,37ab6b06c141b7b8edc9e8971c423f8625162539c735f0c94b52e5b57e9f0ae5,text/javascript,runnable_product,active
01_PRODUCT_BUILD/app/src/v20_extension.js,32901,fb8b7ae25a7ada4e64417223f124a9ee2a0f56f0c802df060ae40339ccd131d8,text/javascript,runnable_product,active
01_PRODUCT_BUILD/app/style.css,46802,31b35a9c215e63d0a859b0e16228398b06f5a6d513c1b96f1fc1fa038f4582b2,text/css,runnable_product,active
01_PRODUCT_BUILD/app/v19.css,13500,91528a3442792b72aee3d66959c0dcc0eaf364a976985843be06c1c63fce6d34,text/css,runnable_product,active
01_PRODUCT_BUILD/app/v20.css,7833,96e31afc49243d6b4c6fcdb7a26c27a294b72120d688794fa963ae7aa8a50d9f,text/css,runnable_product,active
01_PRODUCT_BUILD/fixtures/PROJECT-KEYSTONE/manifest.json,707,97b3c319fde890a19ac4d64c5f8b01422bc147c5ebdc73b4cb99b93b70e335af,application/json,runnable_product,active
01_PRODUCT_BUILD/fixtures/PROJECT-KEYSTONE/offline_fixture.js,458385,dce0b5cea66a7e99fdf807bfe2a3e765483c9b18958bb6347776007a4fccbaf2,text/javascript,runnable_product,active
01_PRODUCT_BUILD/fixtures/PROJECT-KEYSTONE/projection.json,633426,f3499f57c9a214c64a42fee1f19aade476edc2a188fcd20643863521db9b352e,application/json,runnable_product,active
01_PRODUCT_BUILD/fixtures/PROJECT-KEYSTONE/registry.json,8812,83125bc38fadc1729a36dc98c622e60e4eb2e3df81727ef1fe91197adcdd3150,application/json,runnable_product,active
01_PRODUCT_BUILD/fixtures/PROJECT-KEYSTONE/transitions.json,19276,c2d456f6c05d19c4b136a38f6f3d06a895177024f3755d57386a192637c3e894,application/json,runnable_product,active
01_PRODUCT_BUILD/fixtures/PROJECT-ORION/manifest.json,648,aa2dfc5937ae06c58de37a155bc979f233b52da171b879d48a8b676bd60326f8,application/json,runnable_product,active
01_PRODUCT_BUILD/fixtures/PROJECT-ORION/offline_fixture.js,177398,b171a2dfda05f3a2bcf1900e1735f22553d411c64175fbcb229146b4604206df,text/javascript,runnable_product,active
01_PRODUCT_BUILD/fixtures/PROJECT-ORION/projection.json,244401,3ab251b0aae877b4e9b76cd656a54b2671341ba5e38fc34a40c49a3cd45be2fe,application/json,runnable_product,active
01_PRODUCT_BUILD/fixtures/PROJECT-ORION/registry.json,5030,2dd52fa6520bf6e874a4c4ce977d2978dd033f31c0dad6eddecb61264bf5d649,application/json,runnable_product,active
01_PRODUCT_BUILD/fixtures/PROJECT-ORION/transitions.json,12525,fd4fa972bb8f9b2a0d8a4c4866e17003ee4a8c6a7f1ede13a7f7897c11de379b,application/json,runnable_product,active
01_PRODUCT_BUILD/fixtures/PROJECT-TETHYS/manifest.json,844,2cecc55801dc99b4d729d19abab94b2dc5a678880949b8606bf9c548296e6637,application/json,runnable_product,active
01_PRODUCT_BUILD/fixtures/PROJECT-TETHYS/offline_fixture.js,200020,7c6a940ee2cf820267418cd78d14987ba767a1ce7afbb8e9d8c0e3de3e00bbb6,text/javascript,runnable_product,active
01_PRODUCT_BUILD/fixtures/PROJECT-TETHYS/projection.json,277406,fe52e61ddc2d92f5a7efc4481bb462d613c6cd62b43ba2591e90c97a69f5e4bc,application/json,runnable_product,active
01_PRODUCT_BUILD/fixtures/PROJECT-TETHYS/registry.json,6781,85a5de0f5611ef99358e1665074cbc2e16021bf35bdcfab754480df6c708b080,application/json,runnable_product,active
01_PRODUCT_BUILD/fixtures/PROJECT-TETHYS/transitions.json,13458,e8f22a723a49f0b1bdd17052ceb64c252a0cc87e949a83ce5aa892770ad14387,application/json,runnable_product,active
01_PRODUCT_BUILD/launchers/OPEN_OFFLINE_DEMO.html,268,31dffe6171e8aaf66559482a9d0a304517fe29553909ddece5ba50af22af0905,text/html,runnable_product,active
01_PRODUCT_BUILD/launchers/START_PANTA_V20.command,406,d203625ceb36d3e101a2acc3c14f6958faba23a450a4ac2b047ff11281f0e739,application/octet-stream,runnable_product,active
01_PRODUCT_BUILD/launchers/START_PANTA_V20_WINDOWS.bat,277,46ab94c5ea5afc407fb2b4601f85273bc91812804e51a4b09bb82e74a70a3944,application/x-msdos-program,runnable_product,active
01_PRODUCT_BUILD/mock_api/server.py,115728,aebd33a0eb20e56d9c16f0f6ac5ff93faca18e574365f9305f081d51646abcde,text/x-python,runnable_product,active
02_PRODUCT_EXPERIENCE/PANTA_V19B_Change_Specification.md,4345,01460984ef0dc77b373b23236c882d61f0f1bcb3a70fa10480335320be5d9fbc,text/markdown,product_experience,active
02_PRODUCT_EXPERIENCE/PANTA_V20_Product_Experience_Specification.md,16975,03a715e82e0c4f517ccb1297855ba003627e9105397adb72b6c149c5768a7820,text/markdown,product_experience,active
02_PRODUCT_EXPERIENCE/PANTA_V20_Product_Experience_Specification.pdf,311151,70e2ab4205b8910ec2591e4892b86aa46b7375a8961e7104c1cbdc4b0c5df4ba,application/pdf,product_experience,active
02_PRODUCT_EXPERIENCE/PANTA_V20_Product_User_Guide.md,8679,296c1adf0d584593ae50a764ac822b9d79c47db2112bcf47e1d21f98f2e10c41,text/markdown,product_experience,active
02_PRODUCT_EXPERIENCE/PANTA_V20_Product_User_Guide.pdf,48471,3f26d29dc406f12ed53578c313b8cf225e31d7d25632d6e8df3fcc401e2a50cb,application/pdf,product_experience,active
02_PRODUCT_EXPERIENCE/editable_sources/PANTA_V20_Product_Experience_Specification.md,16975,03a715e82e0c4f517ccb1297855ba003627e9105397adb72b6c149c5768a7820,text/markdown,product_experience,active
02_PRODUCT_EXPERIENCE/editable_sources/PANTA_V20_Product_User_Guide.md,8679,296c1adf0d584593ae50a764ac822b9d79c47db2112bcf47e1d21f98f2e10c41,text/markdown,product_experience,active
03_SCREEN_ATLAS/01_PERSISTENT_ROOMS/01_Fund_Command.png,776096,f28b083367f4e7297f4bb4d2593eb07c676a92be703520f09fb40de07917dc8e,image/png,screen_evidence,active
03_SCREEN_ATLAS/01_PERSISTENT_ROOMS/02_Deal_Command.png,890291,9504a743a0fd76c328024338c7c85ebc8ff05cce6533a75fc887013d0ac6e3df,image/png,screen_evidence,active
03_SCREEN_ATLAS/01_PERSISTENT_ROOMS/03_Sources_Ingest.png,602215,2ca13adba20b86e8b09fd5bb86e07704fcf8fed6cab120c8eba70468e26e70fd,image/png,screen_evidence,active
03_SCREEN_ATLAS/01_PERSISTENT_ROOMS/04_Ingest_Progress.png,605429,6c3adeb3dd1f62f455811dfbc631dba1de6ff243cd5f758064ef41b1bf1d8765,image/png,screen_evidence,active
03_SCREEN_ATLAS/01_PERSISTENT_ROOMS/05_Vault_Inbox.png,485137,61c59a9467b45f9a81cdfdbe338de8bfff81ebb065075c7bd3502c6c10789aa6,image/png,screen_evidence,active
03_SCREEN_ATLAS/01_PERSISTENT_ROOMS/06_Source_Library.png,774483,6e435b2abfa6c985f11d552a43d664f761332c831f9f1063e74b0ad37713945b,image/png,screen_evidence,active
03_SCREEN_ATLAS/01_PERSISTENT_ROOMS/07_Claims_Explorer.png,1552338,8b81a6750d09a7e3d0ddf9123127c3d14c9bfb48c6c156338e84c1ea64624bcc,image/png,screen_evidence,active
03_SCREEN_ATLAS/01_PERSISTENT_ROOMS/08_Compiler_Review.png,541734,690112476fc4e6793a66ccade340cb0a870bf0e9c3489cee6bffb3b459c1a1d9,image/png,screen_evidence,active
03_SCREEN_ATLAS/01_PERSISTENT_ROOMS/09_Case_Setup_IC_Record.png,541144,f3027eaebb4f645f60371267651644a1d14f6abdd479bbb20423b3f4f189a61e,image/png,screen_evidence,active
03_SCREEN_ATLAS/01_PERSISTENT_ROOMS/10_Work.png,1087696,40d373aedcb119d8d0ddec7d3628ffa8cdbb727fdab4ec2af6f752e612761812,image/png,screen_evidence,active
03_SCREEN_ATLAS/01_PERSISTENT_ROOMS/11_What_the_Deal_Rests_On.png,591091,97f9c88a125938608813e54a69d28f8c2ff7c21f30ced0c1b07f5449f62c1d99,image/png,screen_evidence,active
03_SCREEN_ATLAS/01_PERSISTENT_ROOMS/12_Unknowns_Decision.png,544721,200561c39c389e3d0a3598c6d7cc2e32099d8cffec0a61a31987bb7cae0bfdb3,image/png,screen_evidence,active
03_SCREEN_ATLAS/01_PERSISTENT_ROOMS/13_Unknowns_Pipeline.png,494267,9470a431eda441434363b501ca624391323e9c1213bfaf35830b871d214b361f,image/png,screen_evidence,active
03_SCREEN_ATLAS/01_PERSISTENT_ROOMS/14_Shadow_IC.png,570524,13441284d6e0203c3fa38806834fd8284e409c93406610b43574cce91c135fb8,image/png,screen_evidence,active
03_SCREEN_ATLAS/01_PERSISTENT_ROOMS/15_Scenario_Lab.png,627120,265134d27ef6b1c8e7258a1d6b098abeb75b833e50b028566fb089fe821c7576,image/png,screen_evidence,active
03_SCREEN_ATLAS/01_PERSISTENT_ROOMS/16_Artifacts.png,1016030,17679a4c90c16039799943a5a76c5e8f6f68a8f6f7754bafbd5864e3c23718c5,image/png,screen_evidence,active
03_SCREEN_ATLAS/01_PERSISTENT_ROOMS/17_Registry.png,1108759,a79e79b20033991b5cd107f3ba3e8b8638c26128107bf1e26527429df2078709,image/png,screen_evidence,active
03_SCREEN_ATLAS/01_PERSISTENT_ROOMS/18_Causal_Replay.png,446461,ff79e937771514a04233e4c667e9aba19b06e3b8d670cbea70f7b3964b55f834,image/png,screen_evidence,active
03_SCREEN_ATLAS/02_CONTEXTUAL_OVERLAYS/19_Object_Aperture_Claim_Basis.png,459816,648ab0674a7405c222a3157e0579acb21984143ab8782848d78a2971a13c746f,image/png,screen_evidence,active
03_SCREEN_ATLAS/02_CONTEXTUAL_OVERLAYS/20_Object_Aperture_Claim_Action.png,455039,c79d2235ffda95f8fb2804a6a37db89102772dbd9709a6e242fe07cc92fc60c3,image/png,screen_evidence,active
03_SCREEN_ATLAS/02_CONTEXTUAL_OVERLAYS/21_Object_Aperture_Cell.png,590709,9a9262e9b48847f2488cee11c27b5552c090752cfecb7c6beb5e8246fce7ba8c,image/png,screen_evidence,active
03_SCREEN_ATLAS/02_CONTEXTUAL_OVERLAYS/22_Object_Aperture_Source_PDF.png,234486,6de01f3e9b02d2491b729ce6fabf867f9f04abc0786f66d4591b2925d6866437,image/png,screen_evidence,active
03_SCREEN_ATLAS/02_CONTEXTUAL_OVERLAYS/23_Quick_Navigation.png,264993,59e4bb6fced4f0a5bf58b807c6c47bac28c9f26494094e35dd31975844bc4b44,image/png,screen_evidence,active
03_SCREEN_ATLAS/03_TRANSIENT_WORKFLOWS/24_Change_Arrival.png,487463,4748e558309d545e746f4877922d741e2a6349f4891baee3ab2cd6d895670d84,image/png,screen_evidence,active
03_SCREEN_ATLAS/03_TRANSIENT_WORKFLOWS/25_Change_Review.png,600196,ee736ce0fae5161244ccf681fd008c6cc1617a963429d28ac9b241513f6a491f,image/png,screen_evidence,active
03_SCREEN_ATLAS/03_TRANSIENT_WORKFLOWS/26_Change_Review_Editing.png,556388,c74fbb1412e69c504fd75a7cf794830f204502c8a1a17d9fd076300da1fe5d74,image/png,screen_evidence,active
03_SCREEN_ATLAS/03_TRANSIENT_WORKFLOWS/27_Change_Impact.png,591139,c1a2a8a7949b57d44162a7f6cb103081a2ee0c7375fa1f6a4b77c1c75bcce665,image/png,screen_evidence,active
03_SCREEN_ATLAS/03_TRANSIENT_WORKFLOWS/28_Action_Frontier.png,509916,47c8001bb23b6b07b2ea1cf3934f8d20365e34f8b022aa70b0086f3f5534d718,image/png,screen_evidence,active
03_SCREEN_ATLAS/04_GATED_ROOMS/29_Decision_Room_Active.png,695162,a38cbabc0cf63355d6585664c2450b7a35bec254472f59ba9e6f97afd7c4049e,image/png,screen_evidence,active
03_SCREEN_ATLAS/04_GATED_ROOMS/30_Execution_Room_Ready.png,632960,85e436d449e5ea8250924660092ae6336a01cbc68b17dac47f6ad38e4cf5b41d,image/png,screen_evidence,active
03_SCREEN_ATLAS/04_GATED_ROOMS/31_Execution_Room_Acknowledged.png,473063,6d0734565fa9991c0e01b4863b6a5a095e4102067fa3353606f9c6fecdf91b4f,image/png,screen_evidence,active
03_SCREEN_ATLAS/05_COMPLETION_STATES/32_Settled_State.png,527663,87eff24b9868d5e72c965dbe654906eba4d0bad27ade69834fc2932dff9b8f56,image/png,screen_evidence,active
03_SCREEN_ATLAS/06_BLOCKED_ERROR_AND_MODE_STATES/33_Decision_Blocked.png,446814,b9e5017b5c986c49c406d7080c1851d3fcb7ac9f72690a4b12738a7a015a3836,image/png,screen_evidence,active
03_SCREEN_ATLAS/06_BLOCKED_ERROR_AND_MODE_STATES/34_Empty_System.png,415020,82674db541924ea3113d94c08af46bf45eb833a55ce9f19a246ed17891f0aa97,image/png,screen_evidence,active
03_SCREEN_ATLAS/06_BLOCKED_ERROR_AND_MODE_STATES/35_Mode_Chooser.png,587945,8fe7e41bbfe5ac73bf26ab650169b83434082d1ec4c312c8b01c76304b3ff015,image/png,screen_evidence,active
03_SCREEN_ATLAS/06_BLOCKED_ERROR_AND_MODE_STATES/36_Connected_Error.png,557950,7bbce013585d50d99550f7f46fe066b070695fcdda19fd9198b403dd4324f78d,image/png,screen_evidence,active
03_SCREEN_ATLAS/06_BLOCKED_ERROR_AND_MODE_STATES/37_Offline_Read_Only.png,757271,668af82f08b7489fc46950c304d9d7b8cc71222de106e47305a279295404b1c3,image/png,screen_evidence,active
03_SCREEN_ATLAS/06_BLOCKED_ERROR_AND_MODE_STATES/38_Orion_Generalization.png,966128,8e5da0e3ced4c97de3262d9111bdfcab3ca7124a1c0a2065c2dbe09f2eed7e59,image/png,screen_evidence,active
03_SCREEN_ATLAS/06_BLOCKED_ERROR_AND_MODE_STATES/39_Mobile_Read_Only.png,470660,387031e2b75baffe7298dba3b8500cb00735c6d70416b0b603ea6be104a5974c,image/png,screen_evidence,active
03_SCREEN_ATLAS/06_BLOCKED_ERROR_AND_MODE_STATES/40_Claims_Filtered_AsOf.png,947496,820c38fcade50504817d649120c86aadcf13e204cd4c45dab134a31c4bd7d4b9,image/png,screen_evidence,active
03_SCREEN_ATLAS/07_V20_VENTURE_EXTENSION/V20_SCREEN_MANIFEST.csv,1839,d6d70b61d7c8c53703c089ed2fe2c27a240be91c0e09d40bcb006c7591fe8886,text/csv,screen_evidence,active
03_SCREEN_ATLAS/07_V20_VENTURE_EXTENSION/V20_SCREEN_MANIFEST.json,3448,8ff225f527579e000d27249a091c453593fdc26c53b21aec1aaa735127da97a7,application/json,screen_evidence,active
03_SCREEN_ATLAS/07_V20_VENTURE_EXTENSION/pdf_previews/v20_01_deal_command.jpg,59197,aa59a8d19de8a8d99341c9aad24a262778f0469643b2424866c6392042820020,image/jpeg,screen_evidence,active
03_SCREEN_ATLAS/07_V20_VENTURE_EXTENSION/pdf_previews/v20_02_interactions.jpg,55745,dda4a6143d0c83583701e61949a72ffa5f053fc1a5d475fc651a9bb0807633ef,image/jpeg,screen_evidence,active
03_SCREEN_ATLAS/07_V20_VENTURE_EXTENSION/pdf_previews/v20_03_utterance_aperture.jpg,44474,8e90d11fba9d478bce523f262e5744cbf463502fb1ec8d911a9a11c0e5731b91,image/jpeg,screen_evidence,active
03_SCREEN_ATLAS/07_V20_VENTURE_EXTENSION/pdf_previews/v20_04_compiler_review.jpg,48370,07e2b131f035cb51145d0f8cee7b27e3965a8c5c295f45b41fd96cd19ffe4169,image/jpeg,screen_evidence,active
03_SCREEN_ATLAS/07_V20_VENTURE_EXTENSION/pdf_previews/v20_05_validation_conditions.jpg,83542,3213710d26d9869726d10975146109acd9158ddc8f98a7874ea12d7dcfe8f033,image/jpeg,screen_evidence,active
03_SCREEN_ATLAS/07_V20_VENTURE_EXTENSION/pdf_previews/v20_06_unknowns_missions.jpg,68017,e5bcbf07ef5ded464235fbaf933da0f452abd2f584d7e49d246cc1d6663fd6fa,image/jpeg,screen_evidence,active
03_SCREEN_ATLAS/07_V20_VENTURE_EXTENSION/pdf_previews/v20_07_venture_financing.jpg,66784,b2a2f1adf6d29797d9acdb97f444323c43884d1951186a71abe1664e6ae43407,image/jpeg,screen_evidence,active
03_SCREEN_ATLAS/07_V20_VENTURE_EXTENSION/pdf_previews/v20_08_replay.jpg,84218,fe8d1b301eff8988fbf9b82dc3728eac5dc7a344e4a9f250e63f56d438bf53eb,image/jpeg,screen_evidence,active
03_SCREEN_ATLAS/07_V20_VENTURE_EXTENSION/pdf_previews/v20_09_human_stop.jpg,81726,539f42f37f7c5cd48c833dc353540b7a396beac230d6cc3cebca98ef50d2d60e,image/jpeg,screen_evidence,active
03_SCREEN_ATLAS/07_V20_VENTURE_EXTENSION/pdf_previews/v20_10_blocked_component.jpg,81329,875100dfce57a38e9b3369a6da115286638aceb881c97c17593037e5fb338f7a,image/jpeg,screen_evidence,active
03_SCREEN_ATLAS/07_V20_VENTURE_EXTENSION/pdf_previews/v20_11_mobile_read_review.jpg,18996,f0c9dc42bc8feab5df8b8ef7e730e1a1e0c8437bafea0012fca59b994d04a169,image/jpeg,screen_evidence,active
03_SCREEN_ATLAS/07_V20_VENTURE_EXTENSION/v20_01_deal_command.png,1588916,53ca1a1f3288a5d81d2723f4b66c3261c1aebed5fb2dedbe08970ece809174f1,image/png,screen_evidence,active
03_SCREEN_ATLAS/07_V20_VENTURE_EXTENSION/v20_02_interactions.png,1146596,ba6c6f987da9d23ef1d9dc300631c217f8524f9a5c8a3d3834e8c73f16b4ba85,image/png,screen_evidence,active
03_SCREEN_ATLAS/07_V20_VENTURE_EXTENSION/v20_03_utterance_aperture.png,964278,9041b42c0d1782bc4810e16857ceb285761957d1311cf34cb825e72c5d37969f,image/png,screen_evidence,active
03_SCREEN_ATLAS/07_V20_VENTURE_EXTENSION/v20_04_compiler_review.png,1160741,3b06b13270fe75728d2e59228cf83e3149022367c81bb90cf634e8b4d4c5a0ad,image/png,screen_evidence,active
03_SCREEN_ATLAS/07_V20_VENTURE_EXTENSION/v20_05_validation_conditions.png,869599,9f5483849f600e32f7351d96b6f04251a75decbafeee0af1715651edb6b4641d,image/png,screen_evidence,active
03_SCREEN_ATLAS/07_V20_VENTURE_EXTENSION/v20_06_unknowns_missions.png,1045568,8a48d7352a6631560d363d54763a8c03221c9c8a908d2e1c888ce94f7abe1659,image/png,screen_evidence,active
03_SCREEN_ATLAS/07_V20_VENTURE_EXTENSION/v20_07_venture_financing.png,944641,75b0b9954404500c1b4e0a1302c6e122c7aa2d253766fddf74bdcea0f3df0ff1,image/png,screen_evidence,active
03_SCREEN_ATLAS/07_V20_VENTURE_EXTENSION/v20_08_replay.png,501386,200f471a1c259797c3c86e4eca2d9f6ce75257264138444f791cc1696e6351f2,image/png,screen_evidence,active
03_SCREEN_ATLAS/07_V20_VENTURE_EXTENSION/v20_09_human_stop.png,748029,1c60c31a894b64ff4d14667202cb6e7207499fed29e359a7a2b7baa0d945954e,image/png,screen_evidence,active
03_SCREEN_ATLAS/07_V20_VENTURE_EXTENSION/v20_10_blocked_component.png,747291,778217474951becc772687159589f54538937503d258d1743caeb35a721123d3,image/png,screen_evidence,active
03_SCREEN_ATLAS/07_V20_VENTURE_EXTENSION/v20_11_mobile_read_review.png,856903,ee79fc877691f010dc9b3e0d2b7fa4c9e3406eca7f1e7066c8485b46255e5b68,image/png,screen_evidence,active
03_SCREEN_ATLAS/PANTA_V20_Annotated_Screen_Atlas.md,5285,cbb002cbf8dd2f0a7a07add6d7382d83974d97a807340c86e8abd08cb6bb313a,text/markdown,screen_evidence,active
03_SCREEN_ATLAS/PANTA_V20_Annotated_Screen_Atlas.pdf,737416,7ce19eeae9d22d5529df6f93b52005338c7263f0f41da9bb49fbd97c07b08faf,application/pdf,screen_evidence,active
03_SCREEN_ATLAS/PANTA_V20_CORE_SCREEN_ATLAS_CONTACT_SHEET.png,1299040,1a28886643d207fe2eba2ac190f083981a7bd1066a3bd3d07d682f5392740a79,image/png,screen_evidence,active
03_SCREEN_ATLAS/PANTA_V20_VENTURE_EXTENSION_CONTACT_SHEET.png,3014302,67c5739a5a06a60ae5ffaa7d6f6b503cac648cb15bc053d6a8f34e41a0594d69,image/png,screen_evidence,active
03_SCREEN_ATLAS/V20_SCREEN_MANIFEST.csv,11329,4334be0c59ddda892e6160339569f32b4f16bdf180f62bab2decd5114d7f35fe,text/csv,screen_evidence,active
03_SCREEN_ATLAS/V20_SCREEN_MANIFEST.json,19158,897ed28be778df05ae9b14080d97397b0d5d98514055ffcf36e4d97e3264da37,application/json,screen_evidence,active
04_INFORMATION_ARCHITECTURE_AND_FLOWS/DIAGRAMS/01_Information_Architecture.png,105663,4762d00de3645024d54dc3008505fa0718f50d75972b09a334350cf3aa46abcc,image/png,architecture_and_flows,active
04_INFORMATION_ARCHITECTURE_AND_FLOWS/DIAGRAMS/01_Information_Architecture.svg,24476,bf553f3476dceacb1bdd27633d056afc60213ba248a91a85088b2fcc760cd0e1,image/svg+xml,architecture_and_flows,active
04_INFORMATION_ARCHITECTURE_AND_FLOWS/DIAGRAMS/02_Extractor_to_Screen.png,51350,ece1c5285751d57c2902f437a22d998ec71c3c4bff1ea642985a87949f55d64e,image/png,architecture_and_flows,active
04_INFORMATION_ARCHITECTURE_AND_FLOWS/DIAGRAMS/02_Extractor_to_Screen.svg,9002,6b891eba6761e42f0344abe8b6c1e1762c848cbd2fc401e727742a4a05190575,image/svg+xml,architecture_and_flows,active
04_INFORMATION_ARCHITECTURE_AND_FLOWS/DIAGRAMS/03_Primary_User_Flow.png,53159,7af13696e688e29aa5ce28afed03b833a700426e4f5e880be809c10124ce4027,image/png,architecture_and_flows,active
04_INFORMATION_ARCHITECTURE_AND_FLOWS/DIAGRAMS/03_Primary_User_Flow.svg,10910,581e249aa01710211b85d93b2e8685bf965d2975a9f90bc2142f64ee9f6dec7d,image/svg+xml,architecture_and_flows,active
04_INFORMATION_ARCHITECTURE_AND_FLOWS/DIAGRAMS/04_Source_Lifecycle.png,38432,26282c4396a15bd2de39405328eef3bc2b8d212f47c1cfc63455be12b3184ebd,image/png,architecture_and_flows,active
04_INFORMATION_ARCHITECTURE_AND_FLOWS/DIAGRAMS/04_Source_Lifecycle.svg,9732,d26483560afc8bdf436c383ed7c33bfb988b2aa01e64a94fe038919d5faa794f,image/svg+xml,architecture_and_flows,active
04_INFORMATION_ARCHITECTURE_AND_FLOWS/DIAGRAMS/05_Institutional_State_Machine.png,44815,944ce1ae3400b6cbdad220976e9b137503673191eda3a247905a91bb0fa9b204,image/png,architecture_and_flows,active
04_INFORMATION_ARCHITECTURE_AND_FLOWS/DIAGRAMS/05_Institutional_State_Machine.svg,7580,69523eba62b22e045b55592cd07fef439b4787044a9b29c05ab111ae62a676d2,image/svg+xml,architecture_and_flows,active
04_INFORMATION_ARCHITECTURE_AND_FLOWS/DIAGRAMS/06_Authority_Execution_Settlement.png,43824,53879c26608cf4f9ef86cfdb407a7bf67d6725581742f9747bc04ba1b635496d,image/png,architecture_and_flows,active
04_INFORMATION_ARCHITECTURE_AND_FLOWS/DIAGRAMS/06_Authority_Execution_Settlement.svg,7711,e493d6aac6a120559bc429677971de780145f47d7f1e0a55f7c7544a5fc5185d,image/svg+xml,architecture_and_flows,active
04_INFORMATION_ARCHITECTURE_AND_FLOWS/DIAGRAMS/07_Object_Aperture_Model.png,46215,6d25dc27e19a5142de95c5ceb70e1019a9e4c5e08a24187cff010c9f829acf04,image/png,architecture_and_flows,active
04_INFORMATION_ARCHITECTURE_AND_FLOWS/DIAGRAMS/07_Object_Aperture_Model.svg,6638,7bc5646fd54ec4d91abe425b9147750e2f76635c691ecea75bc87c5172830e45,image/svg+xml,architecture_and_flows,active
04_INFORMATION_ARCHITECTURE_AND_FLOWS/DIAGRAMS/08_Domain_vs_Pipeline_Uncertainty.png,37199,f440e7c1a2fe4cc660ce07464084148bf9da90b2c9be2cc8d0f0e99a56e2e38d,image/png,architecture_and_flows,active
04_INFORMATION_ARCHITECTURE_AND_FLOWS/DIAGRAMS/08_Domain_vs_Pipeline_Uncertainty.svg,5938,c57144c4419cd3055807e2a0aac51924b9d63a8089b97d857c2eaeaa80776ae4,image/svg+xml,architecture_and_flows,active
04_INFORMATION_ARCHITECTURE_AND_FLOWS/DIAGRAMS/09_Replay_and_AsOf.png,33763,079f0c068058d6997f217b0e265907a0d3c61fdc3f3abd1ec49e52d3415374e5,image/png,architecture_and_flows,active
04_INFORMATION_ARCHITECTURE_AND_FLOWS/DIAGRAMS/09_Replay_and_AsOf.svg,6283,38f95b3c2c3e7f546fad4c917c601f6c287206e46e9928b126374c61a660ca3e,image/svg+xml,architecture_and_flows,active
04_INFORMATION_ARCHITECTURE_AND_FLOWS/DIAGRAMS/10_Ownership_and_Contracts.png,49227,0e8fbbcf6c72b770ff5b17174e5d07a70f6519c78380254407910a16080d226b,image/png,architecture_and_flows,active
04_INFORMATION_ARCHITECTURE_AND_FLOWS/DIAGRAMS/10_Ownership_and_Contracts.svg,5608,ea2d0a11a23e20ab8a145c43bd41bb67ebc72b42f5540c32fb6295fcec83a213,image/svg+xml,architecture_and_flows,active
04_INFORMATION_ARCHITECTURE_AND_FLOWS/DIAGRAMS/11_Operating_Modes.png,40100,51eba7fe7e8df90ff9101e8126a55015d20f9f39f209d3e8b69831690d9d7305,image/png,architecture_and_flows,active
04_INFORMATION_ARCHITECTURE_AND_FLOWS/DIAGRAMS/11_Operating_Modes.svg,6495,e2334943209bb75d5ba9e03286228afa97e0ba7343d401d2586556a4b7b021fc,image/svg+xml,architecture_and_flows,active
04_INFORMATION_ARCHITECTURE_AND_FLOWS/DIAGRAMS/12_Responsive_Behavior.png,22980,3e758e533f18f0850db7165147e5f7695e60f42f062e3f397f5b869a16f7a73d,image/png,architecture_and_flows,active
04_INFORMATION_ARCHITECTURE_AND_FLOWS/DIAGRAMS/12_Responsive_Behavior.svg,4156,a45a9b5e8a9b8670d9e97260de2331f405f7f27c825769efbf88867acc56f451,image/svg+xml,architecture_and_flows,active
04_INFORMATION_ARCHITECTURE_AND_FLOWS/DIAGRAMS/13_Service_Blueprint.png,37748,0c4de51d8a6014b0e09567b4549ac8131bd39fe422897536442281ada9e3ce53,image/png,architecture_and_flows,active
04_INFORMATION_ARCHITECTURE_AND_FLOWS/DIAGRAMS/13_Service_Blueprint.svg,5462,1e929429503f8daaee9727d953132815d1e542b355e6c038b5951ace10267ec4,image/svg+xml,architecture_and_flows,active
04_INFORMATION_ARCHITECTURE_AND_FLOWS/DIAGRAMS/14_Versioned_Model_Lineage.png,40883,abc205a1905c20ad2e27db8d0ea9e3039efad18a5cdfccd8f49adbfac396b197,image/png,architecture_and_flows,active
04_INFORMATION_ARCHITECTURE_AND_FLOWS/DIAGRAMS/14_Versioned_Model_Lineage.svg,6232,1a54f16e5f43ab1fb55c1cc4d1b64683a0e7668f3fe89f887ed0cffda6fd6368,image/svg+xml,architecture_and_flows,active
04_INFORMATION_ARCHITECTURE_AND_FLOWS/DIAGRAMS/15_V20_Archetype_Hierarchy.png,49318,879f4d311de355fa6ed467ca05fe9cd545a16405449264dce0870966d7eb4f83,image/png,architecture_and_flows,active
04_INFORMATION_ARCHITECTURE_AND_FLOWS/DIAGRAMS/15_V20_Archetype_Hierarchy.svg,6776,6d00b1627131491a2ab008d53d861b7a462c97054b9cd9223f030488a0f33e49,image/svg+xml,architecture_and_flows,active
04_INFORMATION_ARCHITECTURE_AND_FLOWS/DIAGRAMS/16_V20_Interaction_Provenance.png,35758,a285f8b4b2067eea598d4ad8f69f77df7f922c007edda210bd9d4fb4d6547b6c,image/png,architecture_and_flows,active
04_INFORMATION_ARCHITECTURE_AND_FLOWS/DIAGRAMS/16_V20_Interaction_Provenance.svg,6944,a32c204649065f9973efbe960cbf6fe1031f806ca0deb0904442dc7b4618b227,image/svg+xml,architecture_and_flows,active
04_INFORMATION_ARCHITECTURE_AND_FLOWS/DIAGRAMS/17_V20_Compiler_Proposal_Boundaries.png,55872,7c5ff693d8f42d611941ac497a6dd979509aefbdda1daa39d625a7118716f974,image/png,architecture_and_flows,active
04_INFORMATION_ARCHITECTURE_AND_FLOWS/DIAGRAMS/17_V20_Compiler_Proposal_Boundaries.svg,8946,9f8cb72d8910e076190a72a5c8b967e6fd39f895ef001c715b885db3438dd28c,image/svg+xml,architecture_and_flows,active
04_INFORMATION_ARCHITECTURE_AND_FLOWS/DIAGRAMS/18_V20_Governed_Missions.png,46898,e96ae35026ee094cb839f57f9ac940cfdd7d42b804315595af7da7a5ab232cc0,image/png,architecture_and_flows,active
04_INFORMATION_ARCHITECTURE_AND_FLOWS/DIAGRAMS/18_V20_Governed_Missions.svg,7206,08471eb50dccdf039878af747b500376a6998afbb61b132fbc2aff2a6718804b,image/svg+xml,architecture_and_flows,active
04_INFORMATION_ARCHITECTURE_AND_FLOWS/DIAGRAMS/19_V20_Venture_Financing.png,45331,ddf78b7dcc73846bbedea8968c230eb0367a2c8292e996befd0d3de233b77560,image/png,architecture_and_flows,active
04_INFORMATION_ARCHITECTURE_AND_FLOWS/DIAGRAMS/19_V20_Venture_Financing.svg,7489,d26e72c81c6f8d8ef6103656d69c2251029687a87056dafaac524823028168f7,image/svg+xml,architecture_and_flows,active
04_INFORMATION_ARCHITECTURE_AND_FLOWS/DIAGRAMS/20_V20_End_to_End.png,21655,82db44ea7b824f135f1b52892b621f6f48e454afcb49a46a14db3e75b34dd061,image/png,architecture_and_flows,active
04_INFORMATION_ARCHITECTURE_AND_FLOWS/DIAGRAMS/20_V20_End_to_End.svg,7947,169ead41f57826ce55975787579373786b79454fe50ba29bd3b880b5ec6925ac,image/svg+xml,architecture_and_flows,active
04_INFORMATION_ARCHITECTURE_AND_FLOWS/DIAGRAMS/V20_DIAGRAM_MANIFEST.json,1451,28f5576571f39c356d9dc805132625ede53bdad8e0e76e1125a326b02e4be99b,application/json,architecture_and_flows,active
04_INFORMATION_ARCHITECTURE_AND_FLOWS/DIAGRAM_MANIFEST.json,4546,8375d140ce8a48a9135aa688427b393eacbf617aa061b3069e79f24e688b6175,application/json,architecture_and_flows,active
04_INFORMATION_ARCHITECTURE_AND_FLOWS/PANTA_V20_Navigation_Flows_and_State_Model.md,4206,3d26c7d6dd7043d75805fbe04dff722dd95af0727ba401625be12097dd3d5d5b,text/markdown,architecture_and_flows,active
04_INFORMATION_ARCHITECTURE_AND_FLOWS/PANTA_V20_Navigation_Flows_and_State_Model.pdf,290933,f490386e9295578bf8b34d225a79d92dd3b1fdef9d1dbbcd8456b416221a29ff,application/pdf,architecture_and_flows,active
04_INFORMATION_ARCHITECTURE_AND_FLOWS/editable_sources/01_Information_Architecture.dot,1585,bf4859658091db7f64887cd0b4e79fdf85831f6923cd232cd30ff8ff3ec3fc43,text/vnd.graphviz,architecture_and_flows,active
04_INFORMATION_ARCHITECTURE_AND_FLOWS/editable_sources/02_Extractor_to_Screen.dot,1237,b80ecfa779c6cc6351025fe7514ebc2a27f24b3032fc97fbfd07ee9e4606e3e5,text/vnd.graphviz,architecture_and_flows,active
04_INFORMATION_ARCHITECTURE_AND_FLOWS/editable_sources/03_Primary_User_Flow.dot,1064,1394f916522c0eab708c0598266936d007b3b47cca783abe60d660cfbb5192a7,text/vnd.graphviz,architecture_and_flows,active
04_INFORMATION_ARCHITECTURE_AND_FLOWS/editable_sources/04_Source_Lifecycle.dot,1040,621b85f4ae33445d9bdd4d348916de59059d86586a54d86593d3ee14e2f357af,text/vnd.graphviz,architecture_and_flows,active
04_INFORMATION_ARCHITECTURE_AND_FLOWS/editable_sources/05_Institutional_State_Machine.dot,1118,b1f30db6ae5676e29e9d613385a8e011ca6be3c5db5108965afa0c8ee095dffa,text/vnd.graphviz,architecture_and_flows,active
04_INFORMATION_ARCHITECTURE_AND_FLOWS/editable_sources/06_Authority_Execution_Settlement.dot,983,5988b003e6e1f52a7f310e876aefc9355a75a14b9a15d8a4b46a916c13b43901,text/vnd.graphviz,architecture_and_flows,active
04_INFORMATION_ARCHITECTURE_AND_FLOWS/editable_sources/07_Object_Aperture_Model.dot,927,aeeecc996a611febf076304b2f7604038c88b2e883c4b5b8ac656675cbae861a,text/vnd.graphviz,architecture_and_flows,active
04_INFORMATION_ARCHITECTURE_AND_FLOWS/editable_sources/08_Domain_vs_Pipeline_Uncertainty.dot,865,5332855d2f01da0089dfb68647e0c9360f0fce02fbee087bb0fb2be0489b6d4c,text/vnd.graphviz,architecture_and_flows,active
04_INFORMATION_ARCHITECTURE_AND_FLOWS/editable_sources/09_Replay_and_AsOf.dot,794,c3eb9b4daf19126285831d9f9f02160dbfe9279f4d2d95fa2cc101b2f0d550e0,text/vnd.graphviz,architecture_and_flows,active
04_INFORMATION_ARCHITECTURE_AND_FLOWS/editable_sources/10_Ownership_and_Contracts.dot,989,1dbe8d8463964800a7f2d43b3a8a238655b25b8b2ae73e9dd002d0fda292d5e5,text/vnd.graphviz,architecture_and_flows,active
04_INFORMATION_ARCHITECTURE_AND_FLOWS/editable_sources/11_Operating_Modes.dot,913,2e6c79b73ce8b1165c4becf0998feb43615acb2223748b47a1e9a8158de3de43,text/vnd.graphviz,architecture_and_flows,active
04_INFORMATION_ARCHITECTURE_AND_FLOWS/editable_sources/12_Responsive_Behavior.dot,697,8ec5d59437d6a361e049817835fd432d3e429a1732ba595e870d06fb9d649c03,text/vnd.graphviz,architecture_and_flows,active
04_INFORMATION_ARCHITECTURE_AND_FLOWS/editable_sources/13_Service_Blueprint.dot,782,12645cebdf587c00c1680f4775dc6f4cee9accd61457a15ee8acb61f47b9558c,text/vnd.graphviz,architecture_and_flows,active
04_INFORMATION_ARCHITECTURE_AND_FLOWS/editable_sources/14_Versioned_Model_Lineage.dot,794,a400a452e4b8e54b54fe95ffb3607c987f3e0fe9067da3ddd25706bfb15bfed3,text/vnd.graphviz,architecture_and_flows,active
04_INFORMATION_ARCHITECTURE_AND_FLOWS/editable_sources/15_V20_Archetype_Hierarchy.dot,833,7415744d1f8f92835f9a6ac87f46a4fef63ed7504032d9283dee62e756ad18b4,text/vnd.graphviz,architecture_and_flows,active
04_INFORMATION_ARCHITECTURE_AND_FLOWS/editable_sources/16_V20_Interaction_Provenance.dot,924,3d7e74fd3126388ee6dce93cd49c83102c008f368c00ad0190e5cd25e6ff7bbe,text/vnd.graphviz,architecture_and_flows,active
04_INFORMATION_ARCHITECTURE_AND_FLOWS/editable_sources/17_V20_Compiler_Proposal_Boundaries.dot,1060,f4ef76673ab377feea955a29681b233ce48fc7ed2ccfadb594ce9871c3ebe57f,text/vnd.graphviz,architecture_and_flows,active
04_INFORMATION_ARCHITECTURE_AND_FLOWS/editable_sources/18_V20_Governed_Missions.dot,917,3bd4928cbab6b986e4482af23fdb3f6168876a58d5b6ed746aa37fb0da2ecd36,text/vnd.graphviz,architecture_and_flows,active
04_INFORMATION_ARCHITECTURE_AND_FLOWS/editable_sources/19_V20_Venture_Financing.dot,948,2c78e70f8ff57b9aedcc43adb7f0c2c3082b25c5e6db84988cef3499ffa764fc,text/vnd.graphviz,architecture_and_flows,active
04_INFORMATION_ARCHITECTURE_AND_FLOWS/editable_sources/20_V20_End_to_End.dot,878,c57aabea55447de01b4dcf8ba2a31c1068637cf27d06f22b482824cb80c692cc,text/vnd.graphviz,architecture_and_flows,active
04_INFORMATION_ARCHITECTURE_AND_FLOWS/editable_sources/PANTA_V20_Navigation_Flows_and_State_Model.md,4206,3d26c7d6dd7043d75805fbe04dff722dd95af0727ba401625be12097dd3d5d5b,text/markdown,architecture_and_flows,active
05_DESIGN_SYSTEM_AND_INTERACTION/PANTA_V20_UI_System_and_Engineering_Handoff.md,5345,7adb75b23524b61d965922dca0c9a087b0d228e18fd75fe76204a30b326cbb36,text/markdown,design_system,active
05_DESIGN_SYSTEM_AND_INTERACTION/PANTA_V20_UI_System_and_Engineering_Handoff.pdf,39565,5b1caf0858b7250c55e383ff8b0ccada0e784d03a6b0eedca873d6fb568d49a5,application/pdf,design_system,active
05_DESIGN_SYSTEM_AND_INTERACTION/accessibility/ACCESSIBILITY_SPEC.md,491,e92deb6bbf6ec02e302a02c70efc598b23728de0b2c347d24f3507166f085c6f,text/markdown,design_system,active
05_DESIGN_SYSTEM_AND_INTERACTION/components/COMPONENT_INVENTORY.csv,1221,a268e2eebf694c01c1a430b19efef1ef766deab898ddc103ab516fa95e18d601,text/csv,design_system,active
05_DESIGN_SYSTEM_AND_INTERACTION/content/CONTENT_DESIGN_GUIDE.md,528,f3558bb594408db190e1442acaa0063ef1fd9223a13bdfbe9d70eba38a88e3a3,text/markdown,design_system,active
05_DESIGN_SYSTEM_AND_INTERACTION/editable_sources/PANTA_V20_UI_System_and_Engineering_Handoff.md,5345,7adb75b23524b61d965922dca0c9a087b0d228e18fd75fe76204a30b326cbb36,text/markdown,design_system,active
05_DESIGN_SYSTEM_AND_INTERACTION/motion/MOTION_AND_MICROINTERACTION_SPEC.md,380,5b14eb9da92fa1d3cd3f24ad8aa1326c250fd8d3888d39f63f8526e25d18b6a8,text/markdown,design_system,active
05_DESIGN_SYSTEM_AND_INTERACTION/responsive/RESPONSIVE_SPEC.md,467,252dc4d33d8b106822711fea97d7b3f03b2bef16d1235068e9740836667e162c,text/markdown,design_system,active
05_DESIGN_SYSTEM_AND_INTERACTION/tokens/design_tokens.json,842,b2d85f7415eb566cdb7be7cca5b261b5f4e08603f6697466c7980e57aec791c2,application/json,design_system,active
06_RESEARCH_AND_VALIDATION/Anto_Audit/ANTO_V17_INTEGRITY_AUDIT_RESOLUTION.md,498,baa9d4b0314d12e73a674048055804dcdd4c007b6fe785db37b7904d5f88ee7c,text/markdown,research_and_validation,active
06_RESEARCH_AND_VALIDATION/PANTA_V20_UX_Research_and_Validation_Plan.md,4926,f86f85e85af818dd9c48c23ebbcd865d8433b7031a0e8de3a142e6ce84f9bf59,text/markdown,research_and_validation,active
06_RESEARCH_AND_VALIDATION/PANTA_V20_UX_Research_and_Validation_Plan.pdf,35353,0d5aca71c6a200a6c94e8db0041d0666c245868c28ac52fa3aa606d2f5a2209d,application/pdf,research_and_validation,active
06_RESEARCH_AND_VALIDATION/heuristic_audit/FABRI_AUDIT_COVERAGE_MATRIX.csv,5767,32811bf3ce9496aeedc9d5301b9d191be34cf5244f2f354dff2ec8414d23e38a,text/csv,research_and_validation,active
06_RESEARCH_AND_VALIDATION/heuristic_audit/FABRI_AUDIT_COVERAGE_MATRIX.md,6583,8af1b2527c27ae34b94f4031537492442ae05a728a520f2ad4af142113dd338e,text/markdown,research_and_validation,active
06_RESEARCH_AND_VALIDATION/metrics/PRODUCT_EXPERIENCE_METRICS.csv,195,deb30b3493e811adaddf130cab9d00adf48145b01002950d744b224c698e83a6,text/csv,research_and_validation,active
06_RESEARCH_AND_VALIDATION/open_questions/OPEN_QUESTIONS.md,338,09d1899461c2f9d837394d5106808036f54aead3c37fe50ca3243709fc906ee9,text/markdown,research_and_validation,active
06_RESEARCH_AND_VALIDATION/source_audits/Fabri_V17_Extractor_to_Screen_Audit.md,20342,edb1ad7b4254925ff5f5a2b4c83db71c002605da9a1511d4947d11d33b949185,text/markdown,research_and_validation,active
06_RESEARCH_AND_VALIDATION/usability_protocol/ROLE_BASED_TEST_PROTOCOL.md,2848,cbd2fb70af699990c7172ce4f105b51351d563eb4242483a90ab3167622cd536,text/markdown,research_and_validation,active
07_ENGINEERING_CONTRACTS_AND_ADAPTERS/API/EXTRACTOR_TO_SCREEN_CONTRACT.md,2512,55a02904bf769fd3ff7b3b3600abfa1fbc8ea4f65114df355d394668b478cb3e,text/markdown,engineering_contract,active
07_ENGINEERING_CONTRACTS_AND_ADAPTERS/API/PANTA_V20_API_REFERENCE.md,7551,43a6dae289a304a983ce96eba3939644943dc99f84e85b7d1272f0f035b923e2,text/markdown,engineering_contract,active
07_ENGINEERING_CONTRACTS_AND_ADAPTERS/API/PANTA_V20_API_REFERENCE.pdf,42720,409b957b0e13a3d28b577557785ed5ac829c98c7fcfff13ab7f115b40a37e19e,application/pdf,engineering_contract,active
07_ENGINEERING_CONTRACTS_AND_ADAPTERS/ENGINE_OUTPUT_TO_PROJECTION_MAPPING.md,2655,f7b54d856f26bbbbcd4f8b4100e93fa262aec5ec7348d5034c25ce9c94241a54,text/markdown,engineering_contract,active
07_ENGINEERING_CONTRACTS_AND_ADAPTERS/PANTA_V20_Venture_Integration_Contract.md,5257,dfb573ce4d0d55c49c7c47ab3f5e8b4688e69da5334ceb78979f37e3028e7ed6,text/markdown,engineering_contract,active
07_ENGINEERING_CONTRACTS_AND_ADAPTERS/PANTA_V20_Venture_Integration_Contract.pdf,41191,a69b07c8fbbb6f1994ff23528376cce9f94462f9dc0767db91bf9da28eed0dab,application/pdf,engineering_contract,active
07_ENGINEERING_CONTRACTS_AND_ADAPTERS/adapters/README.md,2200,493738777bc843fb20066a1757cf6263ac652e6f6db651358c166e6d722f51ed,text/markdown,engineering_contract,active
07_ENGINEERING_CONTRACTS_AND_ADAPTERS/adapters/compiler_projection_adapter.py,5434,93d6a3692d87437a1436054a2723c805daa1ec449a2f020dc708ffb65a0a98ab,text/x-python,engineering_contract,active
07_ENGINEERING_CONTRACTS_AND_ADAPTERS/adapters/transition_runtime_adapter.py,6199,91e5630bcaa1f0d3b78c6fa51470b6d43441256e0fd367caa259d7033c8216ae,text/x-python,engineering_contract,active
07_ENGINEERING_CONTRACTS_AND_ADAPTERS/integration_inspector/README.md,241,21e5497d7b59bf94455d20f6cd46184b0c3164b3cc334dc38dd940050ec3440c,text/markdown,engineering_contract,active
07_ENGINEERING_CONTRACTS_AND_ADAPTERS/samples/sample_engine_output.json,10208,ff120cd07b963b61f92214bd0f2df13ee5585dcf1f715d04f5821462aa1d8634,application/json,engineering_contract,active
07_ENGINEERING_CONTRACTS_AND_ADAPTERS/samples/sample_frontend_transition.json,10480,9eee5c83d7358692a8cd55c095a2b1dfb93782d62c41cd3015fd5c1521100856,application/json,engineering_contract,active
07_ENGINEERING_CONTRACTS_AND_ADAPTERS/samples/sample_v20_base_projection_shell.json,198615,9381c8d33f98186e141f58451a4bc730fb90d12fa5df9d707014ee3703a2db64,application/json,engineering_contract,active
07_ENGINEERING_CONTRACTS_AND_ADAPTERS/samples/sample_v20_compiler_bundle.json,74305,05a8f86d0704f5b52311449cc017ba8d7f77c1c1467bdbdca9dae2b23ad700f6,application/json,engineering_contract,active
07_ENGINEERING_CONTRACTS_AND_ADAPTERS/samples/sample_v20_compiler_projection.json,277669,0ef318c0bf51cfee8b550f6a51b268e4fd49ebb8116af38770597a41622cbad8,application/json,engineering_contract,active
07_ENGINEERING_CONTRACTS_AND_ADAPTERS/samples/sample_venture_engine_output.json,7218,c8ca5e20248611d3f5262ce3a21cfaebe91dc4b2275a5bd546af2cbef803e8ba,application/json,engineering_contract,active
07_ENGINEERING_CONTRACTS_AND_ADAPTERS/samples/sample_venture_frontend_transition.json,7485,ccf66412283682f521806c1f3c3cfa1b89cc9bd3818590883f3674dd7c468d28,application/json,engineering_contract,active
07_ENGINEERING_CONTRACTS_AND_ADAPTERS/schemas/agent_mission.schema.json,2389,af3b2e98b8abb0bb5d9fcc73595522514fae8c65defa38a8ede22d994de30d87,application/json,engineering_contract,active
07_ENGINEERING_CONTRACTS_AND_ADAPTERS/schemas/archetype.schema.json,917,82a4a9eac720dcb029e3e0b2961d7a460d2b02a847abdd929e89db142a56f3ac,application/json,engineering_contract,active
07_ENGINEERING_CONTRACTS_AND_ADAPTERS/schemas/authority_record.schema.json,6373,7deec60b85b22a9e048ef72ab0d0cacad9d86255ced772a88085c341c6cb21b6,application/json,engineering_contract,active
07_ENGINEERING_CONTRACTS_AND_ADAPTERS/schemas/claim_review.schema.json,1130,d8dea1e5e58e76fb53ded48d4cca5d75fc902faa0b39029c138e5bf9d09460b5,application/json,engineering_contract,active
07_ENGINEERING_CONTRACTS_AND_ADAPTERS/schemas/condition_edge.schema.json,1138,5d70f00abca68a89aabaa79158b5e26a93e62e053f6b465b22e131dbde113694,application/json,engineering_contract,active
07_ENGINEERING_CONTRACTS_AND_ADAPTERS/schemas/derivation.schema.json,2421,ce7505c0ef8f86dd9f0f5510e39fb654a678819b0e3fb2592e5023ebb9e7ca4a,application/json,engineering_contract,active
07_ENGINEERING_CONTRACTS_AND_ADAPTERS/schemas/derivation_spec.schema.json,1730,f013a59f4b45ee83039c2e2349f526f016b04b98eeb8dea82755de957a8227ef,application/json,engineering_contract,active
07_ENGINEERING_CONTRACTS_AND_ADAPTERS/schemas/discrepancy_candidate.schema.json,3226,d413fbcbf825ba7953d9d54869692200186c92e01f4726d776dd271fc61b681e,application/json,engineering_contract,active
07_ENGINEERING_CONTRACTS_AND_ADAPTERS/schemas/discrepancy_rule.schema.json,1964,2d184dda8eb391ef74f1145af09b8bc23e93d68237ad4cee3315e1ea414c1491,application/json,engineering_contract,active
07_ENGINEERING_CONTRACTS_AND_ADAPTERS/schemas/execution_package.schema.json,3029,7d32ee144dbc9b96e6e1c24e3bbadc29753c616fd7be8dd5bd0eccd30bab0af6,application/json,engineering_contract,active
07_ENGINEERING_CONTRACTS_AND_ADAPTERS/schemas/experience_context.schema.json,3296,3e5c28727499d8a57f0a20f6802a46290d292eff3f59c335871516b9b84677ae,application/json,engineering_contract,active
07_ENGINEERING_CONTRACTS_AND_ADAPTERS/schemas/frontend_projection.schema.json,23238,f93ef46281bd64a1a62516a97dfcbcc277aa381107652390b1bf5df1d89ae39b,application/json,engineering_contract,active
07_ENGINEERING_CONTRACTS_AND_ADAPTERS/schemas/hypothesis.schema.json,1417,dc5187ac177d108957a8b7ab8a0f8e5130dd8f5d9557d12bd291b1ae8f566ebb,application/json,engineering_contract,active
07_ENGINEERING_CONTRACTS_AND_ADAPTERS/schemas/ingest_job.schema.json,1974,21d7f996091610f0614f0cca6fed5dada3659fb1238723e3656d84924ad572d9,application/json,engineering_contract,active
07_ENGINEERING_CONTRACTS_AND_ADAPTERS/schemas/interaction.schema.json,2007,d41feab48c67c6c2130a47f6be3f69198531b6859639b832674f5a3b29c2604d,application/json,engineering_contract,active
07_ENGINEERING_CONTRACTS_AND_ADAPTERS/schemas/lens.schema.json,1333,7f2f1aeeb70af206fa7ef9690a39e38b2b7ce0c43e8920a7d2a6041f6a22a56f,application/json,engineering_contract,active
07_ENGINEERING_CONTRACTS_AND_ADAPTERS/schemas/participant.schema.json,998,5246037b09815cdcdf95fe964020d05ec615048165a0a9fac5f4c79b8ca04236,application/json,engineering_contract,active
07_ENGINEERING_CONTRACTS_AND_ADAPTERS/schemas/settlement_result.schema.json,5304,914a107c110e04ebef4110ff3931fe22ece1e6654d8d7cce72f75dfaab7b7ad9,application/json,engineering_contract,active
07_ENGINEERING_CONTRACTS_AND_ADAPTERS/schemas/spine_change_proposal.schema.json,2281,dc81b95192049ca91f0bbd2fedd0335c0ec6a77e7dd497983d92cda7835ac9fb,application/json,engineering_contract,active
07_ENGINEERING_CONTRACTS_AND_ADAPTERS/schemas/transition_result.schema.json,14216,aa6b28759a920dede6eabff7b81766a649e3c1e924629c9b4c30565508b7ecd3,application/json,engineering_contract,active
07_ENGINEERING_CONTRACTS_AND_ADAPTERS/schemas/utterance.schema.json,1456,edf2911af6f7ede5d9fb9f1cecb442532b9bc21dd832fb4940ec3b8df89c3a5f,application/json,engineering_contract,active
07_ENGINEERING_CONTRACTS_AND_ADAPTERS/schemas/validation_envelope.schema.json,2032,cee3e4490de951cdb9a4c6cd3a4531d23c48dd872aa1acc934efaddca2b91798,application/json,engineering_contract,active
07_ENGINEERING_CONTRACTS_AND_ADAPTERS/schemas/venture_financing.schema.json,3812,8b06756468b3e38965bdeda9b983a26222fa5c6eb417595be6e6751b6ee30f37,application/json,engineering_contract,active
08_TEST_EVIDENCE/E2E/browser_acceptance.json,1071,abe27097eb51e2412be7f1198fc00a05fa8e1802610b04fd9f9803e53673362a,application/json,test_evidence,active
08_TEST_EVIDENCE/PANTA_V20_Test_Evidence_Report.md,2831,6fcd34742e2c2c787dffc47d7a5f396132e088fa5502b4d08d2b009363dd158f,text/markdown,test_evidence,active
08_TEST_EVIDENCE/PANTA_V20_Test_Evidence_Report.pdf,35589,0eccdafae25554c90e7c357785a8a94dc8d4ac999ac6a9ebe696b91a9e5f123f,application/pdf,test_evidence,active
08_TEST_EVIDENCE/V20_TEST_RESULTS.json,19376,41110ee4292d7b65dc3f95582673724af58f575f28b983ceb82d3b9e798c7764,application/json,test_evidence,active
08_TEST_EVIDENCE/V20_TEST_RESULTS.md,12139,c32c1573d2f00aed4c297f555d05fe532d605fad24cad5350b4e0fcdf2acf18f,text/markdown,test_evidence,active
08_TEST_EVIDENCE/V20_TEST_RESULTS.txt,9038,1b251a440465861412edb96c5ffcff605c65fd1d5b89ff47be2f259815e0c2c8,text/plain,test_evidence,active
08_TEST_EVIDENCE/accessibility/README.md,115,372f815ec97aa32dc176e16f279b1548e3dd3ffaad3df99824e89e444f7e5731,text/markdown,test_evidence,active
08_TEST_EVIDENCE/browser/orion_blocked_component.png,634882,d4d4a8244feb19f5700dd55892760a97a63f916dde6f17bdc30caf9303d4b5fe,image/png,test_evidence,active
08_TEST_EVIDENCE/browser/orion_deal_bitemporal.png,972491,413412e866d1370321e15e188773ec372d48665a3388230d39d68b842b856715,image/png,test_evidence,active
08_TEST_EVIDENCE/browser/orion_growth_bitemporal_replay.png,367194,0e7bf8f8fc65d4644840800f137b44f219e6b12db0f58a203eabb36fae8be885,image/png,test_evidence,active
08_TEST_EVIDENCE/browser/orion_human_stop.png,642118,5a570966de1adc71bab63327171cc0ee8d6a49b763e362218e9beefffe994b12,image/png,test_evidence,active
08_TEST_EVIDENCE/browser/v20_01_deal_command.png,1588916,53ca1a1f3288a5d81d2723f4b66c3261c1aebed5fb2dedbe08970ece809174f1,image/png,test_evidence,active
08_TEST_EVIDENCE/browser/v20_02_interactions.png,1146596,ba6c6f987da9d23ef1d9dc300631c217f8524f9a5c8a3d3834e8c73f16b4ba85,image/png,test_evidence,active
08_TEST_EVIDENCE/browser/v20_03_utterance_aperture.png,964278,9041b42c0d1782bc4810e16857ceb285761957d1311cf34cb825e72c5d37969f,image/png,test_evidence,active
08_TEST_EVIDENCE/browser/v20_04_compiler_review.png,1160741,3b06b13270fe75728d2e59228cf83e3149022367c81bb90cf634e8b4d4c5a0ad,image/png,test_evidence,active
08_TEST_EVIDENCE/browser/v20_05_validation_conditions.png,875635,dd678e78c4227671f98f27246e970dfc09c02f4245c53da291b01742a52eb467,image/png,test_evidence,active
08_TEST_EVIDENCE/browser/v20_06_unknowns_missions.png,1045568,8a48d7352a6631560d363d54763a8c03221c9c8a908d2e1c888ce94f7abe1659,image/png,test_evidence,active
08_TEST_EVIDENCE/browser/v20_07_venture_financing.png,944641,75b0b9954404500c1b4e0a1302c6e122c7aa2d253766fddf74bdcea0f3df0ff1,image/png,test_evidence,active
08_TEST_EVIDENCE/browser/v20_08_replay.png,501386,200f471a1c259797c3c86e4eca2d9f6ce75257264138444f791cc1696e6351f2,image/png,test_evidence,active
08_TEST_EVIDENCE/browser/v20_09_human_stop.png,747464,f79844effc4f42a5ab98af8a626d530396467e157a9264f96dab42103dd61941,image/png,test_evidence,active
08_TEST_EVIDENCE/browser/v20_10_blocked_component.png,747049,2c2f57deadc03a0bb0384953ddbc2de2a1912c4abea5f2eb8fe748c09a14a0cd,image/png,test_evidence,active
08_TEST_EVIDENCE/browser/v20_11_mobile_read_review.png,856903,ee79fc877691f010dc9b3e0d2b7fa4c9e3406eca7f1e7066c8485b46255e5b68,image/png,test_evidence,active
08_TEST_EVIDENCE/contract/ARTIFACTS.json,729,2222a728ab77d330643c47d4157074168aac9bb1b523993bb3c9f660fa962264,application/json,test_evidence,active
08_TEST_EVIDENCE/contract/BACKEND.json,1432,c686007edc7679a37dd1a45d096ceb50f3bdd6f6b6e1373e2fbb37282d81f92d,application/json,test_evidence,active
08_TEST_EVIDENCE/contract/INPUT.json,982,74765da88223f53cf5ae86eaed6c8c49baab93b5f6e7ffd58d309e0fce096439,application/json,test_evidence,active
08_TEST_EVIDENCE/contract/OUTPUT.json,1403,14cd7669047175e6fded90797da2bd2eb5e12253f79b003df90d3a2e4096e274,application/json,test_evidence,active
08_TEST_EVIDENCE/epistemic/EPISTEMIC_CLASSIFICATION_REPORT.json,275,d840b6abd05c6a070e12e1b3fef70ddbbfadf36fed1b7c8556aafa9e0e07762b,application/json,test_evidence,active
08_TEST_EVIDENCE/generalization/ORION_GENERALIZATION_REPORT.json,413,9844407ae52c284cf9747b3d2993565026feada947d67e3bc77b7fe02b7f6a5e,application/json,test_evidence,active
08_TEST_EVIDENCE/generalization/ORION_GENERALIZATION_REPORT.md,457,8617a4da0a7945395ac730dd8ca7e36cae98d4834c37b6dfe10af345ca4c4780,text/markdown,test_evidence,active
08_TEST_EVIDENCE/negative_paths/README.md,115,372f815ec97aa32dc176e16f279b1548e3dd3ffaad3df99824e89e444f7e5731,text/markdown,test_evidence,active
08_TEST_EVIDENCE/responsive/RESPONSIVE.json,1320,30d855d90cfe9501cd74ea3136801b85ed8011f32232cec16aeee7cf94925159,application/json,test_evidence,active
08_TEST_EVIDENCE/run_v20_tests.py,73287,7348f689fb72684fc7b157c2507918e6c8b3352e2d41894e58bb9b6ba2a66acb,text/x-python,test_evidence,active
08_TEST_EVIDENCE/screenshot_regression/README.md,187,33280cac1837d0cdc84dfa3cfc137185834c34d74f281b2d35a143ae1dbe6082,text/markdown,test_evidence,active
08_TEST_EVIDENCE/unit/API.json,433669,7da44e749c7b74995222274de4d4f060a74d013d7729ae3c4bfa4787d6ef7331,application/json,test_evidence,active
08_TEST_EVIDENCE/unit/BROWSER.json,427,0534e279a0638072757f402d071c09b91b4affa55af3422be82f8c9917e811bc,application/json,test_evidence,active
08_TEST_EVIDENCE/unit/CORE_PURITY.json,629,3e98c555d2420c666ca676c94681e9729c30e7f2e54c4f94781530f615420aa0,application/json,test_evidence,active
08_TEST_EVIDENCE/unit/FIXTURE.json,1741,7ff0af40b9642b51801e84acdcc43ad579d66046904afc88e384cd2b5b9f129f,application/json,test_evidence,active
08_TEST_EVIDENCE/unit/FORCING.json,897,28cb433a64dedc1289a383831a666e9277956cce1bc952e9b17a29598af8859b,application/json,test_evidence,active
08_TEST_EVIDENCE/unit/STATE.json,854,6debdc14a2861b52337cd22d94d72772e25433637a0ae85b549a0da158430e96,application/json,test_evidence,active
08_TEST_EVIDENCE/unit/SYNTAX.json,1303,2095e17afabd2e6df0ea256fa95b82ad734362782a65abd5447f98521e5254f3,application/json,test_evidence,active
09_DEMO/demo_script/PANTA_V20_VENTURE_GOLDEN_PATH.md,1979,789ab3f76df41f6b0a687d82d5dc4c53a65e38c76710618e5a795269ee73de3c,text/markdown,demo,active
09_DEMO/fixture_packs/PROJECT-KEYSTONE/manifest.json,707,97b3c319fde890a19ac4d64c5f8b01422bc147c5ebdc73b4cb99b93b70e335af,application/json,demo,active
09_DEMO/fixture_packs/PROJECT-KEYSTONE/offline_fixture.js,458385,dce0b5cea66a7e99fdf807bfe2a3e765483c9b18958bb6347776007a4fccbaf2,text/javascript,demo,active
09_DEMO/fixture_packs/PROJECT-KEYSTONE/projection.json,633426,f3499f57c9a214c64a42fee1f19aade476edc2a188fcd20643863521db9b352e,application/json,demo,active
09_DEMO/fixture_packs/PROJECT-KEYSTONE/registry.json,8812,83125bc38fadc1729a36dc98c622e60e4eb2e3df81727ef1fe91197adcdd3150,application/json,demo,active
09_DEMO/fixture_packs/PROJECT-KEYSTONE/transitions.json,19276,c2d456f6c05d19c4b136a38f6f3d06a895177024f3755d57386a192637c3e894,application/json,demo,active
09_DEMO/fixture_packs/PROJECT-ORION/manifest.json,648,aa2dfc5937ae06c58de37a155bc979f233b52da171b879d48a8b676bd60326f8,application/json,demo,active
09_DEMO/fixture_packs/PROJECT-ORION/offline_fixture.js,177398,b171a2dfda05f3a2bcf1900e1735f22553d411c64175fbcb229146b4604206df,text/javascript,demo,active
09_DEMO/fixture_packs/PROJECT-ORION/projection.json,244401,3ab251b0aae877b4e9b76cd656a54b2671341ba5e38fc34a40c49a3cd45be2fe,application/json,demo,active
09_DEMO/fixture_packs/PROJECT-ORION/registry.json,5030,2dd52fa6520bf6e874a4c4ce977d2978dd033f31c0dad6eddecb61264bf5d649,application/json,demo,active
09_DEMO/fixture_packs/PROJECT-ORION/transitions.json,12525,fd4fa972bb8f9b2a0d8a4c4866e17003ee4a8c6a7f1ede13a7f7897c11de379b,application/json,demo,active
09_DEMO/fixture_packs/PROJECT-TETHYS/manifest.json,844,2cecc55801dc99b4d729d19abab94b2dc5a678880949b8606bf9c548296e6637,application/json,demo,active
09_DEMO/fixture_packs/PROJECT-TETHYS/offline_fixture.js,200020,7c6a940ee2cf820267418cd78d14987ba767a1ce7afbb8e9d8c0e3de3e00bbb6,text/javascript,demo,active
09_DEMO/fixture_packs/PROJECT-TETHYS/projection.json,277406,fe52e61ddc2d92f5a7efc4481bb462d613c6cd62b43ba2591e90c97a69f5e4bc,application/json,demo,active
09_DEMO/fixture_packs/PROJECT-TETHYS/registry.json,6781,85a5de0f5611ef99358e1665074cbc2e16021bf35bdcfab754480df6c708b080,application/json,demo,active
09_DEMO/fixture_packs/PROJECT-TETHYS/transitions.json,13458,e8f22a723a49f0b1bdd17052ceb64c252a0cc87e949a83ce5aa892770ad14387,application/json,demo,active
09_DEMO/guided_demo/README.md,556,61516083dc8b6039211a6de49f8256eeaa25c494ca82c495d2f30c49b60ec39e,text/markdown,demo,active
09_DEMO/video/PANTA_V20_VENTURE_WALKTHROUGH.mp4,4461906,d5a4456f3f59e9bc3ce57aab184930deed390663b096cad5f0f87f2fd3f27316,video/mp4,demo,active
09_DEMO/video/v20_walkthrough_end.png,51660,cda1637fcf1e9b6c58c7ec7f8b5862266f98fa5786d76d871bb85d803681e353,image/png,demo,active
09_DEMO/video/v20_walkthrough_title.png,46708,a4294f916af1ad4dc3323177ccfbda044f48e3841dea36d2bad1159c4b62dbe6,image/png,demo,active
10_REFERENCE_ARCHIVE/V16_SUPERSEDED/README.md,250,7ad0aaa2539f98e7b682a6abaaeaac52a6b0318d77305186268a8a3f378b7778,text/markdown,superseded_reference,superseded_reference
10_REFERENCE_ARCHIVE/V17_SUPERSEDED/README.md,250,05b813bb4b5ad249f32cba46a101a2360bc84008182e9b6342b32698d264470a,text/markdown,superseded_reference,superseded_reference
10_REFERENCE_ARCHIVE/V18_SUPERSEDED/README.md,250,be5db88c1ae15c1e733aad8bb7bc2b3bdd55a0e9472bc4186ca011592d3b39bd,text/markdown,superseded_reference,superseded_reference
10_REFERENCE_ARCHIVE/V19B_SUPERSEDED/demo/PANTA_V19_FULL_PRODUCT_WALKTHROUGH.mp4,1569803,3f97530bbd36cb2dd45e3d0c321eb61efde81065da68be4af8927d9e3b74762c,video/mp4,superseded_reference,superseded_reference
10_REFERENCE_ARCHIVE/V19B_SUPERSEDED/demo/PANTA_V19_GOLDEN_PATH.md,684,7eded31e3418a2f06e9b2a4bd1324d79d92ba8f9c78b78487df07fd26b2af684,text/markdown,superseded_reference,superseded_reference
10_REFERENCE_ARCHIVE/V19B_SUPERSEDED/demo/PANTA_V19_GOLDEN_PATH_DEMO.mp4,1463707,75d7f153a74b21304df2d2d9316775bffcba73cd01173382599c38a0bc1d332b,video/mp4,superseded_reference,superseded_reference
10_REFERENCE_ARCHIVE/V19B_SUPERSEDED/demo/PANTA_V19_SCREEN_ATLAS_CONTACT_SHEET.png,1299040,1a28886643d207fe2eba2ac190f083981a7bd1066a3bd3d07d682f5392740a79,image/png,superseded_reference,superseded_reference
10_REFERENCE_ARCHIVE/V19B_SUPERSEDED/design_system/PANTA_V19_UI_System_and_Engineering_Handoff.md,4867,2d7e6d2dc6bcc1401c4674f5a3c4e6d042edd07591415b3cc41076e045abe147,text/markdown,superseded_reference,superseded_reference
10_REFERENCE_ARCHIVE/V19B_SUPERSEDED/design_system/PANTA_V19_UI_System_and_Engineering_Handoff.pdf,10961,6419dad86adf8f383e4f7b17c15719bd87e772500ae814cbb444e2457be12da3,application/pdf,superseded_reference,superseded_reference
10_REFERENCE_ARCHIVE/V19B_SUPERSEDED/engineering/PANTA_V19_API_REFERENCE.md,3495,4577c2ad71e85aca45c04803bfdebf3b9c09cbbe6deb7f34543308ea3265e0df,text/markdown,superseded_reference,superseded_reference
10_REFERENCE_ARCHIVE/V19B_SUPERSEDED/information_architecture/PANTA_V19_Navigation_Flows_and_State_Model.md,3260,565854fccdf6321f5d50819c51729d060a8182049951db3f5778f7f975b5a1bd,text/markdown,superseded_reference,superseded_reference
10_REFERENCE_ARCHIVE/V19B_SUPERSEDED/information_architecture/PANTA_V19_Navigation_Flows_and_State_Model.pdf,644053,bba524b118b27d7e8341fe344d53d7bef49552bddf5d1a7f97912772f9dfd968,application/pdf,superseded_reference,superseded_reference
10_REFERENCE_ARCHIVE/V19B_SUPERSEDED/launchers/START_PANTA_V19.command,245,204a7484aeacba7b4a825fad734e9e51180ac6666fdccb7ef26b6bbf18e9e372,application/octet-stream,superseded_reference,superseded_reference
10_REFERENCE_ARCHIVE/V19B_SUPERSEDED/launchers/START_PANTA_V19B.command,245,204a7484aeacba7b4a825fad734e9e51180ac6666fdccb7ef26b6bbf18e9e372,application/octet-stream,superseded_reference,superseded_reference
10_REFERENCE_ARCHIVE/V19B_SUPERSEDED/launchers/START_PANTA_V19B_WINDOWS.bat,191,bd2dccd63ec13f4a56c300f5981664d0d9f05f8ce66bd85b6935c2c3292b49d8,application/x-msdos-program,superseded_reference,superseded_reference
10_REFERENCE_ARCHIVE/V19B_SUPERSEDED/launchers/START_PANTA_V19_WINDOWS.bat,186,ed4cd3ea7657ae2433657d23d024624eef6433b588bce5f60ae89f2bb8f0bfb1,application/x-msdos-program,superseded_reference,superseded_reference
10_REFERENCE_ARCHIVE/V19B_SUPERSEDED/package_metadata/V19B_CHECKSUMS.sha256,29555,604d3f89f97c1db989be06d369612de07f1c53ef1953fd26cc771c9a1710e989,application/octet-stream,superseded_reference,superseded_reference
10_REFERENCE_ARCHIVE/V19B_SUPERSEDED/package_metadata/V19B_INTEGRITY_SUMMARY.json,731,2016e41a7a86e101496a3e4f55dabb83d3924cd78fd115ba6ad7101ad587f0fb,application/json,superseded_reference,superseded_reference
10_REFERENCE_ARCHIVE/V19B_SUPERSEDED/package_metadata/V19B_PACKAGE_INVENTORY.csv,38801,bd6bb5253efa4e513263b896675248ec06100cfed8cd8eff62f916d2b177fba5,text/csv,superseded_reference,superseded_reference
10_REFERENCE_ARCHIVE/V19B_SUPERSEDED/package_metadata/V19B_PACKAGE_MANIFEST.json,4514,920b7e19869be459e24d8b6e43787b0d1446455147a4b29680704db785c46923,application/json,superseded_reference,superseded_reference
10_REFERENCE_ARCHIVE/V19B_SUPERSEDED/product_experience/PANTA_V19_Annotated_Screen_Atlas.pdf,23888651,d8e1c2f0d5f5e8362a1cbff7095b1f395d2855b6a18cc8b45f74cef4e121262f,application/pdf,superseded_reference,superseded_reference
10_REFERENCE_ARCHIVE/V19B_SUPERSEDED/product_experience/PANTA_V19_Product_Experience_Specification.md,9759,1c96d95279f967637b143cff0e8d4aeec1dd254b0d6728f86053639c68a6785a,text/markdown,superseded_reference,superseded_reference
10_REFERENCE_ARCHIVE/V19B_SUPERSEDED/product_experience/PANTA_V19_Product_Experience_Specification.pdf,112368,75f749ed4dde5165f44c9bddef55e0bcd67a9da100164fda742fb06255c30650,application/pdf,superseded_reference,superseded_reference
10_REFERENCE_ARCHIVE/V19B_SUPERSEDED/product_experience/PANTA_V19_Product_User_Guide.md,4716,9f5d58cf32cc7fd0039659d0eb8856cccd012878b7eaaf17c3696376ffd08cc3,text/markdown,superseded_reference,superseded_reference
10_REFERENCE_ARCHIVE/V19B_SUPERSEDED/product_experience/PANTA_V19_Product_User_Guide.pdf,10230,8d86e08d4322fd7c953a2a2e164046070ffaec6d3f7e915bc6b629f2704b9c2b,application/pdf,superseded_reference,superseded_reference
10_REFERENCE_ARCHIVE/V19B_SUPERSEDED/product_experience/PANTA_V19_SCREEN_ATLAS_CONTACT_SHEET.png,1299040,1a28886643d207fe2eba2ac190f083981a7bd1066a3bd3d07d682f5392740a79,image/png,superseded_reference,superseded_reference
10_REFERENCE_ARCHIVE/V19B_SUPERSEDED/product_experience/V19_SCREEN_MANIFEST.csv,7555,5ee355895a9730bbb9f9859b71659b02422ed84b820225378cfc9c272935550d,text/csv,superseded_reference,superseded_reference
10_REFERENCE_ARCHIVE/V19B_SUPERSEDED/product_experience/V19_SCREEN_MANIFEST.json,11833,9b6488ead0207fa4bfd6909b68f7673a382cacf8d34058273c748a4481b20e96,application/json,superseded_reference,superseded_reference
10_REFERENCE_ARCHIVE/V19B_SUPERSEDED/release_documents/PANTA_V19B_Package_Manifest.pdf,6571,2bf01cd240be97fdad9f6a3f574b7ac9b470c9f3b0f0ff3122ccd712b37fe5f1,application/pdf,superseded_reference,superseded_reference
10_REFERENCE_ARCHIVE/V19B_SUPERSEDED/release_documents/PANTA_V19B_Release_and_Acceptance_Report.pdf,1528482,2da8ed0da666a35e4941855a24554583a066bce23f53571a0e75cd064ee2106a,application/pdf,superseded_reference,superseded_reference
10_REFERENCE_ARCHIVE/V19B_SUPERSEDED/research/PANTA_V19_Audit_Resolution_and_Release_Readiness.md,8141,12904999c709872ea0ca98d28252e2fc70c0d0133c7a1c332b202996eb658e6b,text/markdown,superseded_reference,superseded_reference
10_REFERENCE_ARCHIVE/V19B_SUPERSEDED/research/PANTA_V19_Audit_Resolution_and_Release_Readiness.pdf,13731,90d3e02ea509a7e2ca31bf232e7566804cae6b8cf405e5151e2534b61e16f03b,application/pdf,superseded_reference,superseded_reference
10_REFERENCE_ARCHIVE/V19B_SUPERSEDED/research/PANTA_V19_UX_Research_and_Validation_Plan.md,2859,a2445ba5fff9136662fa355678d34b3eb54437c69eaa49ebb955ccdec68e9b5d,text/markdown,superseded_reference,superseded_reference
10_REFERENCE_ARCHIVE/V19B_SUPERSEDED/research/PANTA_V19_UX_Research_and_Validation_Plan.pdf,7478,23e8fde36eef4ff439c83aa6ca8201b4f89494e937a7c64ca9630297c3b4d825,application/pdf,superseded_reference,superseded_reference
10_REFERENCE_ARCHIVE/V19B_SUPERSEDED/test_evidence/PANTA_V19_Test_Evidence_Report.md,1600,7a77ef05c035d179e10d0f3c94ac09982e35160458dcabaac417cf1e89dffc3c,text/markdown,superseded_reference,superseded_reference
10_REFERENCE_ARCHIVE/V19B_SUPERSEDED/test_evidence/PANTA_V19_Test_Evidence_Report.pdf,6362,8c37fc6946af8b013cb09d482cb70a836fb871ddf4684049bf86f92a4a0e037a,application/pdf,superseded_reference,superseded_reference
10_REFERENCE_ARCHIVE/V19B_SUPERSEDED/test_evidence/V19B_TEST_RESULTS.json,10356,96bc7f99c2bdf212b24404ca7af4b3915dc76e5f84949864a6e9086358e767ee,application/json,superseded_reference,superseded_reference
10_REFERENCE_ARCHIVE/V19B_SUPERSEDED/test_evidence/V19B_TEST_RESULTS.txt,5322,a3900132651b1418727d90ff67a939e534c15d51c1268beb2dd3f4e1d744bb3b,text/plain,superseded_reference,superseded_reference
10_REFERENCE_ARCHIVE/V19B_SUPERSEDED/test_evidence/V19_TEST_RESULTS.csv,436782,7af0d9740add2eef3a073363c446c612bfeb8a4815278c1faae7b14bfcb32b5b,text/csv,superseded_reference,superseded_reference
10_REFERENCE_ARCHIVE/V19B_SUPERSEDED/test_evidence/V19_TEST_RESULTS.json,444910,54b0c1c867f1e62569d99c75cec3af4da1f7c07639ff3ff2a521fd74c6cb0381,application/json,superseded_reference,superseded_reference
10_REFERENCE_ARCHIVE/V19B_SUPERSEDED/test_evidence/V19_TEST_RESULTS.md,436996,18d1c31c3450ece2fa20ee9c35c752bf8024e5410b7159e680bbde0a7e103fbb,text/markdown,superseded_reference,superseded_reference
10_REFERENCE_ARCHIVE/V19B_SUPERSEDED/test_evidence/run_v19_tests.py,20102,10b4b75f4b10d719272d3e6f6d2091622eb44ae5a5502aa5717502f62d99e0ba,text/x-python,superseded_reference,superseded_reference
10_REFERENCE_ARCHIVE/V19B_SUPERSEDED/test_evidence/run_v19b_tests.py,46358,5c9d3019fff40bb11258d81c32b32f8374d00392aa7043336332cf96d8ad4fb6,text/x-python,superseded_reference,superseded_reference
10_REFERENCE_ARCHIVE/V19_SUPERSEDED/PANTA_V19_Package_Manifest.pdf,6064,2a62fa46a641339a58c6b4ef879a26149fc6875c3405522a0bc4bbcd77c9234b,application/pdf,superseded_reference,superseded_reference
10_REFERENCE_ARCHIVE/V19_SUPERSEDED/README.md,376,3751d3c630936efbd80d7d436827e23d0d548bd921aec66406e75005f9bbd24b,text/markdown,superseded_reference,superseded_reference
10_REFERENCE_ARCHIVE/original_blueprints/README.md,213,1ce8b68c1c628fd9b93dfed8914693b992bda7dae7f9e2c45f955e5295fe48a9,text/markdown,superseded_reference,superseded_reference
10_REFERENCE_ARCHIVE/visual_direction_studies/README.md,210,f8b139b33e043f5e7cd663921ba74b8dabb77b7872273e629394179e90a3de5e,text/markdown,superseded_reference,superseded_reference
