deal,derivation,direction,epistemic,id,label,locator,statement,type,unit,value
keystone,,supports,attested,claim:0000,,Executive findings,Alderstone generated FY2025 reported revenue of $74.0m.,claim,$m,74.0
,,,,entity:alderstone,Alderstone,,,entity,,
,,,,metric:revenue,Revenue,,,metric,,
,,,,period:fy2025a,FY2025A,,,period,,
,,,,perimeter:alderstone_consolidated_reported_revenue,Alderstone consolidated reported revenue,,,perimeter,,
,,,,source:qoe_report,QoE Report,,,source,,
,,,,author:qoe_provider,QoE provider,,,author,,
keystone,,supports,attested,claim:0001,,Executive findings,Alderstone reported EBITDA for FY2025 was $10.2m from historical accounts.,claim,$m,10.2
,,,,metric:ebitda,EBITDA,,,metric,,
,,,,perimeter:alderstone_consolidated_reported_ebitda,Alderstone consolidated reported EBITDA,,,perimeter,,
keystone,,supports,attested,claim:0002,,Executive findings,"Based on procedures performed and adjustments documented, normalized FY2025 EBITDA is $11.9m.",claim,$m,11.9
,,,,"perimeter:alderstone_consolidated_normalized_ebitda,_qoe-adjusted","Alderstone consolidated normalized EBITDA, QoE-adjusted",,,perimeter,,
,,,,area:earnings,Earnings,,,area,,
keystone,,supports,attested,claim:0003,,Normalized EBITDA schedule,Founder and executive compensation of $0.35m was accepted at market replacement cost.,claim,$m,0.35
,,,,metric:ebitda_adjustment_-_founder/executive_compensation,EBITDA Adjustment - Founder/Executive Compensation,,,metric,,
,,,,perimeter:alderstone_normalized_ebitda_add-back,Alderstone normalized EBITDA add-back,,,perimeter,,
keystone,,supports,attested,claim:0004,,Normalized EBITDA schedule,Transaction-readiness and professional-fee adjustment of $0.25m excludes recurring audit and compliance support.,claim,$m,0.25
,,,,metric:ebitda_adjustment_-_transaction-readiness_and_professional_fees,EBITDA Adjustment - Transaction-Readiness and Professional Fees,,,metric,,
keystone,,supports,attested,claim:0005,,Normalized EBITDA schedule,Integration and systems costs of $0.30m were accepted only for identifiable non-recurring items; $0.10m recurring cost retained by firm.,claim,$m,0.30
,,,,metric:ebitda_adjustment_-_integration_and_systems_costs,EBITDA Adjustment - Integration and Systems Costs,,,metric,,
,,,,"perimeter:alderstone_normalized_ebitda_add-back,_non-recurring_only","Alderstone normalized EBITDA add-back, non-recurring only",,,perimeter,,
keystone,,supports,attested,claim:0006,,Normalized EBITDA schedule,Legal and settlement expense of $0.20m was supported as a non-recurring item.,claim,$m,0.20
,,,,metric:ebitda_adjustment_-_legal_and_settlement_expense,EBITDA Adjustment - Legal and Settlement Expense,,,metric,,
keystone,,supports,attested,claim:0007,,Normalized EBITDA schedule,Duplicate occupancy and facility move costs of $0.15m represent an implemented closure.,claim,$m,0.15
,,,,metric:ebitda_adjustment_-_duplicate_occupancy_and_facility_move,EBITDA Adjustment - Duplicate Occupancy and Facility Move,,,metric,,
keystone,,supports,attested,claim:0008,,Normalized EBITDA schedule,Implemented headcount savings of $0.25m are additional covenant-certified savings.,claim,$m,0.25
,,,,metric:ebitda_adjustment_-_implemented_headcount_savings,EBITDA Adjustment - Implemented Headcount Savings,,,metric,,
keystone,,contradicts,attested,claim:0009,,Normalized EBITDA schedule,Pricing and utilization initiatives were not accepted as historical earnings adjustments because they represent forecast only.,claim,$m,0.0
,,,,metric:ebitda_adjustment_-_pricing_and_utilization_initiatives,EBITDA Adjustment - Pricing and Utilization Initiatives,,,metric,,
keystone,,contradicts,attested,claim:0010,,Normalized EBITDA schedule,Revenue cut-off correction of $0.10m negative adjustment reduced normalized EBITDA due to QoE finding.,claim,$m,-0.10
,,,,metric:ebitda_adjustment_-_revenue_cut-off,EBITDA Adjustment - Revenue Cut-Off,,,metric,,
,,,,perimeter:alderstone_normalized_ebitda_correction,Alderstone normalized EBITDA correction,,,perimeter,,
keystone,,supports,attested,claim:0011,,Normalized EBITDA schedule,Bonus accrual normalization of $0.20m was supported by the approved plan and subsequent reversal.,claim,$m,0.20
,,,,metric:ebitda_adjustment_-_bonus_accrual_normalization,EBITDA Adjustment - Bonus Accrual Normalization,,,metric,,
keystone,,supports,attested,claim:0012,,Normalized EBITDA schedule,Related-party rent of $0.10m was normalized to market terms and not recognized in covenant definition.,claim,$m,0.10
,,,,metric:ebitda_adjustment_-_related-party_rent_normalization,EBITDA Adjustment - Related-Party Rent Normalization,,,metric,,
keystone,,context,asserted,claim:0013,,Working-capital findings,The seller proposed a normalized operating working capital target of $7.7m.,claim,$m,7.7
,,,,metric:working_capital_-_seller_proposed_target,Working Capital - Seller Proposed Target,,,metric,,
,,,,"perimeter:alderstone_operating_working_capital,_seller_proposal","Alderstone operating working capital, seller proposal",,,perimeter,,
,,,,author:seller,Seller,,,author,,
keystone,,contradicts,attested,claim:0014,,Working-capital findings,"QoE-normalized operating working capital is $8.4m, exceeding the seller-proposed target of $7.7m.",claim,$m,8.4
,,,,metric:working_capital_-_normalized,Working Capital - Normalized,,,metric,,
,,,,"perimeter:alderstone_operating_working_capital,_qoe-normalized","Alderstone operating working capital, QoE-normalized",,,perimeter,,
keystone,WC difference = $8.4m normalized − $7.7m seller target = $0.7m variance,context,attested,claim:0015,,Working-capital findings,"The working capital difference of $0.7m reflects seasonal payroll accruals, aged unbilled WIP, acquired-branch billing delays, deferred-revenue normalization and month-end timing.",claim,,
,,,,metric:working_capital_variance_analysis,Working Capital Variance Analysis,,,metric,,
,,,,perimeter:alderstone_working_capital_composition,Alderstone working capital composition,,,perimeter,,
keystone,,context,attested,claim:0016,,Debt and debt-like items table,Existing bank term loan outstanding is $8.60m.,claim,$m,8.60
,,,,metric:debt_-_existing_bank_term_loan,Debt - Existing Bank Term Loan,,,metric,,
,,,,perimeter:alderstone_funded_debt,Alderstone funded debt,,,perimeter,,
,,,,area:structure,Structure,,,area,,
keystone,,context,attested,claim:0017,,Debt and debt-like items table,Existing revolver outstanding is $1.50m.,claim,$m,1.50
,,,,metric:debt_-_existing_revolver,Debt - Existing Revolver,,,metric,,
keystone,,context,attested,claim:0018,,Debt and debt-like items table,Accrued interest on existing debt is $0.10m.,claim,$m,0.10
,,,,metric:debt_-_accrued_interest,Debt - Accrued Interest,,,metric,,
keystone,,context,attested,claim:0019,,Debt and debt-like items table,Finance-lease obligations outstanding are $0.55m.,claim,$m,0.55
,,,,metric:debt_-_finance-lease_obligations,Debt - Finance-Lease Obligations,,,metric,,
keystone,Term loan $8.60m + Revolver $1.50m + Accrued interest $0.10m + Finance leases $0.55m = $10.75m,context,derived,claim:0020,,Debt and debt-like items table,Total funded debt subtotal is $10.75m.,claim,$m,10.75
,,,,metric:funded_debt,Funded Debt,,,metric,,
,,,,perimeter:alderstone_total_funded_debt,Alderstone total funded debt,,,perimeter,,
keystone,,context,attested,claim:0021,,Debt and debt-like items table,Deferred acquisition consideration is $1.10m.,claim,$m,1.10
,,,,metric:debt-like_items_-_deferred_acquisition_consideration,Debt-Like Items - Deferred Acquisition Consideration,,,metric,,
,,,,perimeter:alderstone_debt-like_liabilities,Alderstone debt-like liabilities,,,perimeter,,
keystone,,context,attested,claim:0022,,Debt and debt-like items table,Transaction bonuses and payroll taxes liability is $0.85m.,claim,$m,0.85
,,,,metric:debt-like_items_-_transaction_bonuses_and_payroll_taxes,Debt-Like Items - Transaction Bonuses and Payroll Taxes,,,metric,,
keystone,,context,attested,claim:0023,,Debt and debt-like items table,Unpaid seller transaction expenses liability is $0.90m.,claim,$m,0.90
,,,,metric:debt-like_items_-_unpaid_seller_transaction_expenses,Debt-Like Items - Unpaid Seller Transaction Expenses,,,metric,,
keystone,,context,attested,claim:0024,,Debt and debt-like items table,Pre-closing income and payroll taxes liability is $0.55m.,claim,$m,0.55
,,,,metric:debt-like_items_-_pre-closing_income_and_payroll_taxes,Debt-Like Items - Pre-Closing Income and Payroll Taxes,,,metric,,
keystone,,context,attested,claim:0025,,Debt and debt-like items table,Insurance and legal-tail liabilities are $0.25m.,claim,$m,0.25
,,,,metric:debt-like_items_-_insurance_and_legal-tail_liabilities,Debt-Like Items - Insurance and Legal-Tail Liabilities,,,metric,,
keystone,Deferred acquisition $1.10m + Transaction bonuses $0.85m + Unpaid expenses $0.90m + Pre-closing taxes $0.55m + Insurance/legal $0.25m = $3.65m,context,derived,claim:0026,,Debt and debt-like items table,Total debt-like items subtotal is $3.65m.,claim,$m,3.65
,,,,metric:debt-like_items_total,Debt-Like Items Total,,,metric,,
,,,,perimeter:alderstone_total_debt-like_liabilities,Alderstone total debt-like liabilities,,,perimeter,,
keystone,Funded debt $10.75m + Debt-like items $3.65m = $14.40m,context,derived,claim:0027,,Debt and debt-like items table,Gross debt and debt-like items total $14.40m.,claim,$m,14.40
,,,,metric:gross_debt_and_debt-like_items,Gross Debt and Debt-Like Items,,,metric,,
,,,,perimeter:alderstone_total_gross_debt_and_debt-like_obligations,Alderstone total gross debt and debt-like obligations,,,perimeter,,
keystone,,context,attested,claim:0028,,Debt and debt-like items table,Acquired unrestricted cash balance is $4.20m.,claim,$m,4.20
,,,,metric:acquired_unrestricted_cash,Acquired Unrestricted Cash,,,metric,,
,,,,perimeter:alderstone_unrestricted_cash_balance,Alderstone unrestricted cash balance,,,perimeter,,
keystone,Gross debt $14.40m − Unrestricted cash $4.20m = $10.20m,context,derived,claim:0029,,Debt and debt-like items table,Net debt and debt-like items total $10.20m after deducting acquired unrestricted cash.,claim,$m,10.20
,,,,metric:net_debt_and_debt-like_items,Net Debt and Debt-Like Items,,,metric,,
,,,,perimeter:alderstone_total_net_debt_and_debt-like_obligations,Alderstone total net debt and debt-like obligations,,,perimeter,,
keystone,,context,attested,claim:0030,,Other observations,Customer master is maintained at billing-account level; parent-company aggregation is a separate analytical exercise.,claim,,
,,,,metric:customer_data_tracking_granularity,Customer Data Tracking Granularity,,,metric,,
,,,,perimeter:alderstone_customer_master_file,Alderstone customer master file,,,perimeter,,
,,,,area:operations,Operations,,,area,,
keystone,,contradicts,attested,claim:0031,,Other observations,"Acquired offices use different project, time-entry and billing processes.",claim,,
,,,,metric:operational_process_fragmentation_risk,Operational Process Fragmentation Risk,,,metric,,
,,,,perimeter:alderstone_acquired_offices,Alderstone acquired offices,,,perimeter,,
keystone,,contradicts,attested,claim:0032,,Other observations,Unbilled WIP increased faster than revenue and aging controls are inconsistent.,claim,,
,,,,metric:unbilled_wip_control_risk,Unbilled WIP Control Risk,,,metric,,
,,,,perimeter:alderstone_work-in-process_and_revenue_recognition,Alderstone work-in-process and revenue recognition,,,perimeter,,
keystone,,context,attested,claim:0033,,Other observations,Capitalized systems expenditure and EBITDA add-backs must not duplicate the same cost.,claim,,
,,,,metric:capitalized_systems_and_ebitda_double-counting_risk,Capitalized Systems and EBITDA Double-Counting Risk,,,metric,,
,,,,perimeter:alderstone_ebitda_normalization_controls,Alderstone EBITDA normalization controls,,,perimeter,,
