version,as_of_date,flow_id,flow_name,perspective,sequence_order,component_id,component_type,description,relation_type,kernel_treatment,archetype_condition,claim_basis,primary_evidence_class,vault_evidence_class,evidence_count,confidence,editable_elements,locked_elements,source_edge_ids,tier_c_version_scope
Engineering handoff v1.0,2026-07-16,F01,Lead sponsor canonical flow,LEAD_SPONSOR,1,LS-01,NODE,"Thematic research and relationship development, where used.",INFLUENCE,CONFIGURE,NONE,EMPIRICAL,SPONSOR_SELF_DESCRIBED,asserted,23,HIGH,May be omitted in reactive deals.,None.,,Tier C v1 evidence counts retained; not recalculated in the N=29 DDQ rerun.
Engineering handoff v1.0,2026-07-16,F01,Lead sponsor canonical flow,LEAD_SPONSOR,2,LS-02,NODE,"Opportunity-specific initial assessment, risk map and quick model.",INPUT,ENFORCE,UNIVERSAL_AT_FUNCTION_LEVEL,EMPIRICAL,SPONSOR_SELF_DESCRIBED,asserted,24,HIGH,Artifact and depth.,Opportunity-specific assessment function.,EMP-01,Tier C v1 evidence counts retained; not recalculated in the N=29 DDQ rerun.
Engineering handoff v1.0,2026-07-16,F01,Lead sponsor canonical flow,LEAD_SPONSOR,3,LS-03,GATE,"Authorize pursuit, material resources and/or bounded diligence spend.",GATE,AXIOM,UNIVERSAL,ANALYTIC,SPONSOR_SELF_DESCRIBED,asserted,0,HIGH,"Body, budget and formality.",Decision before material commitment.,AX-01,Tier C v1 evidence counts retained; not recalculated in the N=29 DDQ rerun.
Engineering handoff v1.0,2026-07-16,F01,Lead sponsor canonical flow,LEAD_SPONSOR,4,LS-04,NODE,Preliminary economic case supports an indicative price or offer.,INPUT,AXIOM,WHEN_PRICE_OR_OFFER_IS_ISSUED,ANALYTIC,SPONSOR_SELF_DESCRIBED,asserted,0,HIGH,Model detail and offer stage.,Economic view precedes price.,AX-02,Tier C v1 evidence counts retained; not recalculated in the N=29 DDQ rerun.
Engineering handoff v1.0,2026-07-16,F01,Lead sponsor canonical flow,LEAD_SPONSOR,5,LS-05,NODE,"IOI, NBIO, LOI and/or exclusivity, if applicable.",GATE,CONFIGURE,AUCTION_OR_NEGOTIATED_PROCESS,EMPIRICAL,SPONSOR_SELF_DESCRIBED,asserted,14,HIGH,Order relative to first IC and adviser work.,Valid offer authority.,"CFG-01,CFG-02",Tier C v1 evidence counts retained; not recalculated in the N=29 DDQ rerun.
Engineering handoff v1.0,2026-07-16,F01,Lead sponsor canonical flow,LEAD_SPONSOR,6,LS-06,LOOP,"Iterative commercial, financial, operational, talent, legal, tax and financing work.",FEEDBACK,CONFIGURE,UNIVERSAL_DYNAMIC,EMPIRICAL,SPONSOR_SELF_DESCRIBED,asserted,24,HIGH,"Providers, depth and sequencing.",Material findings revise the underwrite.,"EMP-03,FS-01,FS-02,FS-03,CS-02",Tier C v1 evidence counts retained; not recalculated in the N=29 DDQ rerun.
Engineering handoff v1.0,2026-07-16,F01,Lead sponsor canonical flow,LEAD_SPONSOR,7,LS-07,LOOP,"Model, price, risk register, VCP, financing and terms revise one another.",FEEDBACK,CONFIGURE,UNIVERSAL_DYNAMIC,EMPIRICAL,SPONSOR_SELF_DESCRIBED,asserted,24,HIGH,Scenario design and iteration cadence.,Material feedback is incorporated.,"EMP-03,CS-01",Tier C v1 evidence counts retained; not recalculated in the N=29 DDQ rerun.
Engineering handoff v1.0,2026-07-16,F01,Lead sponsor canonical flow,LEAD_SPONSOR,8,LS-08,NODE,"Final synthesis states economics, material risks, terms, VCP and disposition of open items.",FINALIZATION,ENFORCE,UNIVERSAL_AT_FUNCTION_LEVEL,EMPIRICAL,SPONSOR_SELF_DESCRIBED,asserted,24,HIGH,Document format and residual conditions.,Sufficiently bounded decision case.,EMP-04,Tier C v1 evidence counts retained; not recalculated in the N=29 DDQ rerun.
Engineering handoff v1.0,2026-07-16,F01,Lead sponsor canonical flow,LEAD_SPONSOR,9,LS-09,GATE,Valid final authority approves the binding commitment.,GATE,CONFIGURE,UNIVERSAL,ANALYTIC,SPONSOR_SELF_DESCRIBED,asserted,0,HIGH,"IC, board, GP, vote and veto implementation.",Authority before commitment.,"AX-03,CFG-05,CFG-06",Tier C v1 evidence counts retained; not recalculated in the N=29 DDQ rerun.
Engineering handoff v1.0,2026-07-16,F01,Lead sponsor canonical flow,LEAD_SPONSOR,10,LS-10,NODE,Signing or other binding commitment.,GATE,AXIOM,UNIVERSAL,ANALYTIC,SPONSOR_SELF_DESCRIBED,asserted,0,HIGH,Conditional versus unconditional form.,Valid authority.,AX-03,Tier C v1 evidence counts retained; not recalculated in the N=29 DDQ rerun.
Engineering handoff v1.0,2026-07-16,F01,Lead sponsor canonical flow,LEAD_SPONSOR,11,LS-11,GATE,"Closing-readiness controls: CPs, legal authority, compliance, financing and funds flow.",GATE,AXIOM,UNIVERSAL,ANALYTIC,SPONSOR_SELF_DESCRIBED,asserted,0,HIGH,Checklist form and responsible body.,Requirements satisfied or validly waived.,AX-04,Tier C v1 evidence counts retained; not recalculated in the N=29 DDQ rerun.
Engineering handoff v1.0,2026-07-16,F01,Lead sponsor canonical flow,LEAD_SPONSOR,12,LS-12,NODE,Funding and closing.,GATE,AXIOM,UNIVERSAL,ANALYTIC,SPONSOR_SELF_DESCRIBED,asserted,0,HIGH,Mechanics.,Closing readiness.,AX-04,Tier C v1 evidence counts retained; not recalculated in the N=29 DDQ rerun.
Engineering handoff v1.0,2026-07-16,F01,Lead sponsor canonical flow,LEAD_SPONSOR,13,LS-13,NODE,"Underwrite and VCP become ownership plan, KPIs, governance and management actions.",INPUT,CONFIGURE,LEAD_CONTROL_INVESTOR,EMPIRICAL,SPONSOR_SELF_DESCRIBED,asserted,24,MEDIUM,100/180-day label and ownership model.,Accountability and monitoring function.,"EMP-05,CONV-03",Tier C v1 evidence counts retained; not recalculated in the N=29 DDQ rerun.
Engineering handoff v1.0,2026-07-16,F01,Lead sponsor canonical flow,LEAD_SPONSOR,14,LS-14,LOOP,"Monitoring, re-underwriting and capital-allocation revisions during ownership.",FEEDBACK,CONFIGURE,LEAD_CONTROL_INVESTOR,EMPIRICAL,SPONSOR_SELF_DESCRIBED,asserted,24,MEDIUM,Committee and team design.,Formal monitoring.,EMP-05,Tier C v1 evidence counts retained; not recalculated in the N=29 DDQ rerun.
Engineering handoff v1.0,2026-07-16,F01,Lead sponsor canonical flow,LEAD_SPONSOR,15,LS-15,GATE,"Exit assessment, valid disposition authority and realization.",GATE,CONFIGURE,REALIZATION,EMPIRICAL,SPONSOR_SELF_DESCRIBED,asserted,18,MEDIUM,Exit route and approval body.,Authorized disposition.,EMP-06,Tier C v1 evidence counts retained; not recalculated in the N=29 DDQ rerun.
Engineering handoff v1.0,2026-07-16,F02,Iterative underwriting engine,LEAD_SPONSOR,1,UW-01,WORKSTREAM,"Commercial: market, customer, pricing, retention, competition and exit-buyer evidence.",INPUT,CONFIGURE,WHEN_MATERIAL,EMPIRICAL,SPONSOR_SELF_DESCRIBED,asserted,24,HIGH,Internal versus commissioned scope.,Commercial-validation function.,FS-02,Tier C v1 evidence counts retained; not recalculated in the N=29 DDQ rerun.
Engineering handoff v1.0,2026-07-16,F02,Iterative underwriting engine,LEAD_SPONSOR,2,UW-02,WORKSTREAM,"Financial: QoE or substitutes, normalization, working capital, capex, cash and debt-like items.",INPUT,CONFIGURE,UNIVERSAL_AT_FUNCTION_LEVEL,EMPIRICAL,SPONSOR_SELF_DESCRIBED,asserted,22,HIGH,Artifact/provider.,Financial-verification function.,"FS-01,CONV-01",Tier C v1 evidence counts retained; not recalculated in the N=29 DDQ rerun.
Engineering handoff v1.0,2026-07-16,F02,Iterative underwriting engine,LEAD_SPONSOR,3,UW-03,WORKSTREAM,"Operational: capacity, productivity, procurement, systems, capex and implementation feasibility.",INPUT,CONFIGURE,VCP_OR_OPERATIONS_MATERIAL,EMPIRICAL,SPONSOR_SELF_DESCRIBED,asserted,21,HIGH,Team entry timing.,Operational evidence where material.,"CS-01,CFG-03",Tier C v1 evidence counts retained; not recalculated in the N=29 DDQ rerun.
Engineering handoff v1.0,2026-07-16,F02,Iterative underwriting engine,LEAD_SPONSOR,4,UW-04,WORKSTREAM,"Talent: leadership capability, organization, succession, rollover and incentives.",INPUT,CONFIGURE,MANAGEMENT_DEPENDENT,EMPIRICAL,CO_INVESTOR_BEHAVIOURAL,observed,5,HIGH,Depth and provider.,Management capability/alignment assessment.,CS-04,Tier C v1 evidence counts retained; not recalculated in the N=29 DDQ rerun.
Engineering handoff v1.0,2026-07-16,F02,Iterative underwriting engine,LEAD_SPONSOR,5,UW-05,WORKSTREAM,"Legal/regulatory: perimeter, contracts, licenses, liabilities, consents and protections.",INPUT,CONFIGURE,WHEN_MATERIAL,EMPIRICAL,SPONSOR_SELF_DESCRIBED,asserted,24,HIGH,Scope and timing.,Legal/regulatory assessment.,FS-03,Tier C v1 evidence counts retained; not recalculated in the N=29 DDQ rerun.
Engineering handoff v1.0,2026-07-16,F02,Iterative underwriting engine,LEAD_SPONSOR,6,UW-06,WORKSTREAM,"Tax/structure: acquisition chain, debt location, tax attributes, rollover and cash extraction.",INPUT,CONFIGURE,WHEN_MATERIAL,EMPIRICAL,SPONSOR_SELF_DESCRIBED,asserted,24,HIGH,Structure implementation.,Tax/structuring assessment.,FS-03,Tier C v1 evidence counts retained; not recalculated in the N=29 DDQ rerun.
Engineering handoff v1.0,2026-07-16,F02,Iterative underwriting engine,LEAD_SPONSOR,7,UW-07,WORKSTREAM,"Financing: debt capacity, terms, covenants, equity need, certainty and downside liquidity.",INPUT,CONFIGURE,LEVERAGED_ACQUISITION,EMPIRICAL,SPONSOR_SELF_DESCRIBED,asserted,24,HIGH,Provider and timing.,Financing assessment.,CS-02,Tier C v1 evidence counts retained; not recalculated in the N=29 DDQ rerun.
Engineering handoff v1.0,2026-07-16,F02,Iterative underwriting engine,LEAD_SPONSOR,8,UW-08,FEEDBACK,"Findings update model assumptions, price, structure and risk.",FEEDBACK,CONFIGURE,UNIVERSAL_DYNAMIC,EMPIRICAL,SPONSOR_SELF_DESCRIBED,asserted,24,HIGH,Iteration cadence.,Material feedback incorporated.,EMP-03,Tier C v1 evidence counts retained; not recalculated in the N=29 DDQ rerun.
Engineering handoff v1.0,2026-07-16,F02,Iterative underwriting engine,LEAD_SPONSOR,9,UW-09,FEEDBACK,Model sensitivities generate new targeted diligence questions.,FEEDBACK,CONFIGURE,UNIVERSAL_DYNAMIC,EMPIRICAL,CO_INVESTOR_BEHAVIOURAL,observed,5,HIGH,Question prioritization.,Decision-sensitive variables tested.,EMP-03,Tier C v1 evidence counts retained; not recalculated in the N=29 DDQ rerun.
Engineering handoff v1.0,2026-07-16,F02,Iterative underwriting engine,LEAD_SPONSOR,10,UW-10,FEEDBACK,"VCP initiatives are promoted, demoted, rephased or removed from the base case.",FEEDBACK,CONFIGURE,VCP_MATERIAL_TO_RETURNS,EMPIRICAL,SPONSOR_SELF_DESCRIBED,asserted,23,HIGH,Base versus upside treatment.,Evidence-backed VCP linkage.,CS-01,Tier C v1 evidence counts retained; not recalculated in the N=29 DDQ rerun.
Engineering handoff v1.0,2026-07-16,F03,CO_INVESTOR co-investor flow,CO_INVESTOR,1,CO_INVESTOR-01,NODE,"Sponsor invitation, allocation context and preliminary information.",INPUT,ENFORCE,SPONSOR_LED_COINVESTMENT,EMPIRICAL,CO_INVESTOR_BEHAVIOURAL,observed,48,HIGH,Format and timing.,Sufficient sponsor/company information.,EMP-02,Tier C v1 evidence counts retained; not recalculated in the N=29 DDQ rerun.
Engineering handoff v1.0,2026-07-16,F03,CO_INVESTOR co-investor flow,CO_INVESTOR,2,CO_INVESTOR-02,GATE,"CO_INVESTOR initial assessment: engage, decline or authorize diligence.",GATE,CONFIGURE,SPONSOR_LED_COINVESTMENT,EMPIRICAL,CO_INVESTOR_BEHAVIOURAL,observed,48,HIGH,Depth and formality.,CO_INVESTOR’s own initial judgment.,"AX-01,CFG-09",Tier C v1 evidence counts retained; not recalculated in the N=29 DDQ rerun.
Engineering handoff v1.0,2026-07-16,F03,CO_INVESTOR co-investor flow,CO_INVESTOR,3,CO_INVESTOR-03,NODE,"Sponsor call, data-room access and targeted information requests.",INPUT,ENFORCE,SPONSOR_LED_COINVESTMENT,EMPIRICAL,CO_INVESTOR_BEHAVIOURAL,observed,24,HIGH,Breadth.,Information sufficient for independent challenge.,EMP-02,Tier C v1 evidence counts retained; not recalculated in the N=29 DDQ rerun.
Engineering handoff v1.0,2026-07-16,F03,CO_INVESTOR co-investor flow,CO_INVESTOR,4,CO_INVESTOR-04,LOOP,Reconcile management and sponsor assumptions; recast model; run downside; references or targeted diligence.,FEEDBACK,CONFIGURE,SPONSOR_LED_COINVESTMENT,EMPIRICAL,CO_INVESTOR_BEHAVIOURAL,observed,48,HIGH,"Depth by allocation, timing and risk.",CO_INVESTOR challenge is distinct from sponsor approval.,CFG-09,Tier C v1 evidence counts retained; not recalculated in the N=29 DDQ rerun.
Engineering handoff v1.0,2026-07-16,F03,CO_INVESTOR co-investor flow,CO_INVESTOR,5,CO_INVESTOR-05,NODE,CO_INVESTOR investment report and recommendation.,FINALIZATION,ENFORCE,SPONSOR_LED_COINVESTMENT,EMPIRICAL,CO_INVESTOR_BEHAVIOURAL,observed,91,MEDIUM,Report format.,Sufficient CO_INVESTOR decision synthesis.,EMP-04,Tier C v1 evidence counts retained; not recalculated in the N=29 DDQ rerun.
Engineering handoff v1.0,2026-07-16,F03,CO_INVESTOR co-investor flow,CO_INVESTOR,6,CO_INVESTOR-06,GATE,CO_INVESTOR IC decision.,GATE,AXIOM,SPONSOR_LED_COINVESTMENT,ANALYTIC,CO_INVESTOR_BEHAVIOURAL,observed,0,HIGH,Vote threshold.,CO_INVESTOR authority before commitment.,AX-05,Tier C v1 evidence counts retained; not recalculated in the N=29 DDQ rerun.
Engineering handoff v1.0,2026-07-16,F03,CO_INVESTOR co-investor flow,CO_INVESTOR,7,CO_INVESTOR-07,GATE,ExCo/legal authority where required.,GATE,CONFIGURE,DUAL_AUTHORITY_GOVERNANCE,EMPIRICAL,CO_INVESTOR_BEHAVIOURAL,observed,17,HIGH,Whether required.,Second authority in applicable structures.,CS-05,Tier C v1 evidence counts retained; not recalculated in the N=29 DDQ rerun.
Engineering handoff v1.0,2026-07-16,F03,CO_INVESTOR co-investor flow,CO_INVESTOR,8,CO_INVESTOR-08,NODE,"Commitment, allocation acceptance and funding.",GATE,AXIOM,SPONSOR_LED_COINVESTMENT,ANALYTIC,CO_INVESTOR_BEHAVIOURAL,observed,0,HIGH,Mechanics.,CO_INVESTOR approval.,AX-05,Tier C v1 evidence counts retained; not recalculated in the N=29 DDQ rerun.
Engineering handoff v1.0,2026-07-16,F03,CO_INVESTOR co-investor flow,CO_INVESTOR,9,CO_INVESTOR-09,NODE,"Monitoring through sponsor reporting, CO_INVESTOR review and eventual proceeds.",INPUT,CONFIGURE,POST_INVESTMENT,EMPIRICAL,CO_INVESTOR_BEHAVIOURAL,observed,91,MEDIUM,Monitoring depth.,Ongoing accountability.,"EMP-05,EMP-06",Tier C v1 evidence counts retained; not recalculated in the N=29 DDQ rerun.
Engineering handoff v1.0,2026-07-16,F04,Intermediated co-investment,CROSS_BOUNDARY,1,INT-01,NODE,Company and lead sponsor produce information and underwriting.,INPUT,CONFIGURE,INTERMEDIATED_COINVESTMENT,EMPIRICAL,SPONSOR_DERIVATIVE,derived,1,HIGH,None.,Origin labeling.,CS-06,Tier C v1 evidence counts retained; not recalculated in the N=29 DDQ rerun.
Engineering handoff v1.0,2026-07-16,F04,Intermediated co-investment,CROSS_BOUNDARY,2,INT-02,NODE,Intermediary performs its own screening or packages a PPM/memo.,DOCUMENTARY_INHERITANCE,CONFIGURE,INTERMEDIATED_COINVESTMENT,EMPIRICAL,SPONSOR_DERIVATIVE,derived,1,HIGH,Intermediary depth.,Derivative status disclosed.,CS-06,Tier C v1 evidence counts retained; not recalculated in the N=29 DDQ rerun.
Engineering handoff v1.0,2026-07-16,F04,Intermediated co-investment,CROSS_BOUNDARY,3,INT-03,NODE,CO_INVESTOR receives intermediary material and performs its own decision process.,INPUT,CONFIGURE,INTERMEDIATED_COINVESTMENT,EMPIRICAL,CO_INVESTOR_BEHAVIOURAL,observed,1,HIGH,CO_INVESTOR challenge depth.,CO_INVESTOR’s own authority.,"CS-06,AX-05",Tier C v1 evidence counts retained; not recalculated in the N=29 DDQ rerun.
